plate_id,well,readout_RFU,readout_unit,data_origin,simulation_seed
P01,A01,1.1532273793417578,RFU,SIMULATED,20261006
P01,A02,1.178935615688043,RFU,SIMULATED,20261006
P01,A03,1.1145738927795388,RFU,SIMULATED,20261006
P01,A04,0.9349043842602148,RFU,SIMULATED,20261006
P01,A05,0.701075130656963,RFU,SIMULATED,20261006
P01,A06,0.49309832511039514,RFU,SIMULATED,20261006
P01,A07,0.3441123891572508,RFU,SIMULATED,20261006
P01,A08,0.30239088682385223,RFU,SIMULATED,20261006
P01,A09,0.2927507822160372,RFU,SIMULATED,20261006
P01,A10,0.051315786174280294,RFU,SIMULATED,20261006
P01,A11,0.05441647074707349,RFU,SIMULATED,20261006
P01,A12,0.22662667355039787,RFU,SIMULATED,20261006
P01,B01,1.1576912973584426,RFU,SIMULATED,20261006
P01,B02,1.1763644868928738,RFU,SIMULATED,20261006
P01,B03,1.121175455741376,RFU,SIMULATED,20261006
P01,B04,0.9607071748427872,RFU,SIMULATED,20261006
P01,B05,0.6712431305219254,RFU,SIMULATED,20261006
P01,B06,0.4767169006407339,RFU,SIMULATED,20261006
P01,B07,0.3761268640151886,RFU,SIMULATED,20261006
P01,B08,0.3210211571929962,RFU,SIMULATED,20261006
P01,B09,0.2616303188015445,RFU,SIMULATED,20261006
P01,B10,0.05753165540719714,RFU,SIMULATED,20261006
P01,B11,0.05773280716793677,RFU,SIMULATED,20261006
P01,B12,0.29852104675997587,RFU,SIMULATED,20261006
P01,C01,1.173266462721835,RFU,SIMULATED,20261006
P01,C02,1.1737247978982432,RFU,SIMULATED,20261006
P01,C03,1.1482747666357795,RFU,SIMULATED,20261006
P01,C04,0.9274977992011965,RFU,SIMULATED,20261006
P01,C05,0.6319716318033688,RFU,SIMULATED,20261006
P01,C06,0.44297989222578626,RFU,SIMULATED,20261006
P01,C07,0.3842721878470651,RFU,SIMULATED,20261006
P01,C08,0.2932592454085341,RFU,SIMULATED,20261006
P01,C09,0.29703107897155245,RFU,SIMULATED,20261006
P01,C10,0.05154530550328684,RFU,SIMULATED,20261006
P01,C11,0.052735330534845797,RFU,SIMULATED,20261006
P01,C12,0.24844761253366376,RFU,SIMULATED,20261006
P01,D01,1.1764127593537455,RFU,SIMULATED,20261006
P01,D02,1.1577209354411608,RFU,SIMULATED,20261006
P01,D03,1.1775312452987823,RFU,SIMULATED,20261006
P01,D04,1.1279840740936262,RFU,SIMULATED,20261006
P01,D05,1.0827455442168326,RFU,SIMULATED,20261006
P01,D06,0.8430796089291241,RFU,SIMULATED,20261006
P01,D07,0.4740794385241732,RFU,SIMULATED,20261006
P01,D08,0.3642628674949992,RFU,SIMULATED,20261006
P01,D09,0.35606610067798916,RFU,SIMULATED,20261006
P01,D10,0.05989449125509015,RFU,SIMULATED,20261006
P01,D11,0.05083366817146218,RFU,SIMULATED,20261006
P01,D12,0.2619759799722091,RFU,SIMULATED,20261006
P01,E01,1.1990875748961851,RFU,SIMULATED,20261006
P01,E02,1.1683237490291234,RFU,SIMULATED,20261006
P01,E03,1.1869993116524973,RFU,SIMULATED,20261006
P01,E04,1.1603456694543197,RFU,SIMULATED,20261006
P01,E05,1.0097479987238487,RFU,SIMULATED,20261006
P01,E06,0.8259255634695911,RFU,SIMULATED,20261006
P01,E07,0.46285446194624336,RFU,SIMULATED,20261006
P01,E08,0.353493315619411,RFU,SIMULATED,20261006
P01,E09,0.3541446091050518,RFU,SIMULATED,20261006
P01,E10,0.05273153676139256,RFU,SIMULATED,20261006
P01,E11,0.05732720149907285,RFU,SIMULATED,20261006
P01,E12,0.2494861021281491,RFU,SIMULATED,20261006
P01,F01,1.1569644356313562,RFU,SIMULATED,20261006
P01,F02,1.1286395172356851,RFU,SIMULATED,20261006
P01,F03,1.1433757813004812,RFU,SIMULATED,20261006
P01,F04,1.1611276482164616,RFU,SIMULATED,20261006
P01,F05,1.0572378082717906,RFU,SIMULATED,20261006
P01,F06,0.7856873885827858,RFU,SIMULATED,20261006
P01,F07,0.46514896860855615,RFU,SIMULATED,20261006
P01,F08,0.3458953136957588,RFU,SIMULATED,20261006
P01,F09,0.35341397595599994,RFU,SIMULATED,20261006
P01,F10,0.06256369688377084,RFU,SIMULATED,20261006
P01,F11,0.05044831453693762,RFU,SIMULATED,20261006
P01,F12,0.2560853806016098,RFU,SIMULATED,20261006
P01,G01,1.1731593031176168,RFU,SIMULATED,20261006
P01,G02,1.2084339476695942,RFU,SIMULATED,20261006
P01,G03,1.201665080165156,RFU,SIMULATED,20261006
P01,G04,1.1912036662911307,RFU,SIMULATED,20261006
P01,G05,1.1478162667308025,RFU,SIMULATED,20261006
P01,G06,1.1823578828511248,RFU,SIMULATED,20261006
P01,G07,1.098240175312012,RFU,SIMULATED,20261006
P01,G08,0.9624253634151638,RFU,SIMULATED,20261006
P01,G09,0.8737143868316686,RFU,SIMULATED,20261006
P01,G10,0.054149432159463315,RFU,SIMULATED,20261006
P01,G11,0.05499545489820282,RFU,SIMULATED,20261006
P01,G12,0.21805692083727193,RFU,SIMULATED,20261006
P01,H01,1.2117653509359876,RFU,SIMULATED,20261006
P01,H02,1.1866798256493547,RFU,SIMULATED,20261006
P01,H03,1.1631397975633198,RFU,SIMULATED,20261006
P01,H04,1.1669067533624524,RFU,SIMULATED,20261006
P01,H05,1.1833625001222132,RFU,SIMULATED,20261006
P01,H06,1.1603820250923411,RFU,SIMULATED,20261006
P01,H07,1.1338542087441856,RFU,SIMULATED,20261006
P01,H08,1.0219413643896962,RFU,SIMULATED,20261006
P01,H09,0.839804859160237,RFU,SIMULATED,20261006
P01,H10,0.05465897043818883,RFU,SIMULATED,20261006
P01,H11,,RFU,SIMULATED,20261006
P01,H12,0.22982414949912605,RFU,SIMULATED,20261006
P02,A01,1.5548002481538732,RFU,SIMULATED,20261006
P02,A02,1.1917774853926995,RFU,SIMULATED,20261006
P02,A03,1.131390264103399,RFU,SIMULATED,20261006
P02,A04,0.9971320074879648,RFU,SIMULATED,20261006
P02,A05,0.6933572251604969,RFU,SIMULATED,20261006
P02,A06,0.4719868473194802,RFU,SIMULATED,20261006
P02,A07,0.27906823628842314,RFU,SIMULATED,20261006
P02,A08,0.34608742319946056,RFU,SIMULATED,20261006
P02,A09,0.3269778279798169,RFU,SIMULATED,20261006
P02,A10,0.05225102623780751,RFU,SIMULATED,20261006
P02,A11,0.05136277917956052,RFU,SIMULATED,20261006
P02,A12,0.5908922036772235,RFU,SIMULATED,20261006
P02,B01,1.2408177532187459,RFU,SIMULATED,20261006
P02,B02,1.1619002381881613,RFU,SIMULATED,20261006
P02,B03,1.0834617993346505,RFU,SIMULATED,20261006
P02,B04,0.9814410255130068,RFU,SIMULATED,20261006
P02,B05,0.7249139586423143,RFU,SIMULATED,20261006
P02,B06,0.4887273226475748,RFU,SIMULATED,20261006
P02,B07,0.355379788839804,RFU,SIMULATED,20261006
P02,B08,0.35765521623462937,RFU,SIMULATED,20261006
P02,B09,0.3208753925193411,RFU,SIMULATED,20261006
P02,B10,0.053547359099629356,RFU,SIMULATED,20261006
P02,B11,0.05572380973769564,RFU,SIMULATED,20261006
P02,B12,0.2599634735049238,RFU,SIMULATED,20261006
P02,C01,1.2060164397591824,RFU,SIMULATED,20261006
P02,C02,1.1756128714161127,RFU,SIMULATED,20261006
P02,C03,1.1469392536590144,RFU,SIMULATED,20261006
P02,C04,0.9850925612489747,RFU,SIMULATED,20261006
P02,C05,0.7066850147189566,RFU,SIMULATED,20261006
P02,C06,0.4978747127342924,RFU,SIMULATED,20261006
P02,C07,0.4011472842056719,RFU,SIMULATED,20261006
P02,C08,0.30760573019221266,RFU,SIMULATED,20261006
P02,C09,0.3392440524852213,RFU,SIMULATED,20261006
P02,C10,0.051783355203520606,RFU,SIMULATED,20261006
P02,C11,0.053869999887853764,RFU,SIMULATED,20261006
P02,C12,0.25567949872790635,RFU,SIMULATED,20261006
P02,D01,1.2331134241332273,RFU,SIMULATED,20261006
P02,D02,1.183909321642645,RFU,SIMULATED,20261006
P02,D03,1.2201613059951273,RFU,SIMULATED,20261006
P02,D04,1.1936625392692382,RFU,SIMULATED,20261006
P02,D05,1.0650088742918964,RFU,SIMULATED,20261006
P02,D06,0.8211268745894362,RFU,SIMULATED,20261006
P02,D07,0.5260152390419218,RFU,SIMULATED,20261006
P02,D08,0.4181115572458727,RFU,SIMULATED,20261006
P02,D09,0.3805363931732203,RFU,SIMULATED,20261006
P02,D10,0.05601151643665621,RFU,SIMULATED,20261006
P02,D11,0.051250396034721556,RFU,SIMULATED,20261006
P02,D12,0.2813580135753769,RFU,SIMULATED,20261006
P02,E01,1.1795126483023999,RFU,SIMULATED,20261006
P02,E02,1.202333252964007,RFU,SIMULATED,20261006
P02,E03,1.2021196475005944,RFU,SIMULATED,20261006
P02,E04,1.1594198974633756,RFU,SIMULATED,20261006
P02,E05,1.091158569612975,RFU,SIMULATED,20261006
P02,E06,0.8439404312088203,RFU,SIMULATED,20261006
P02,E07,0.5069581058513789,RFU,SIMULATED,20261006
P02,E08,0.4317036874452932,RFU,SIMULATED,20261006
P02,E09,0.3845871762095446,RFU,SIMULATED,20261006
P02,E10,0.05249340236908121,RFU,SIMULATED,20261006
P02,E11,0.05361693113182633,RFU,SIMULATED,20261006
P02,E12,0.24801911168081717,RFU,SIMULATED,20261006
P02,F01,1.1670437445243744,RFU,SIMULATED,20261006
P02,F02,1.1766553272215774,RFU,SIMULATED,20261006
P02,F03,1.1681623126376066,RFU,SIMULATED,20261006
P02,F04,1.1572575660425384,RFU,SIMULATED,20261006
P02,F05,1.0852876430284817,RFU,SIMULATED,20261006
P02,F06,0.857980885675509,RFU,SIMULATED,20261006
P02,F07,0.541032367136361,RFU,SIMULATED,20261006
P02,F08,0.40164335588574135,RFU,SIMULATED,20261006
P02,F09,0.3441108168756972,RFU,SIMULATED,20261006
P02,F10,0.05699011036195391,RFU,SIMULATED,20261006
P02,F11,0.05493668542687507,RFU,SIMULATED,20261006
P02,F12,0.23808272916392792,RFU,SIMULATED,20261006
P02,G01,1.1984436350704244,RFU,SIMULATED,20261006
P02,G02,1.1862261436375767,RFU,SIMULATED,20261006
P02,G03,1.2248766393874209,RFU,SIMULATED,20261006
P02,G04,1.2126221100896124,RFU,SIMULATED,20261006
P02,G05,1.170081486243567,RFU,SIMULATED,20261006
P02,G06,1.2042393626753911,RFU,SIMULATED,20261006
P02,G07,1.1082400061517046,RFU,SIMULATED,20261006
P02,G08,1.0007633226338026,RFU,SIMULATED,20261006
P02,G09,0.8796450580991899,RFU,SIMULATED,20261006
P02,G10,0.05557049536731277,RFU,SIMULATED,20261006
P02,G11,0.053319719744101136,RFU,SIMULATED,20261006
P02,G12,0.2873307985502557,RFU,SIMULATED,20261006
P02,H01,1.5766580042527525,RFU,SIMULATED,20261006
P02,H02,1.2056004508350124,RFU,SIMULATED,20261006
P02,H03,1.1824726637145817,RFU,SIMULATED,20261006
P02,H04,1.1856843487724131,RFU,SIMULATED,20261006
P02,H05,1.1945263250844855,RFU,SIMULATED,20261006
P02,H06,1.1832322772932624,RFU,SIMULATED,20261006
P02,H07,1.1196063762994988,RFU,SIMULATED,20261006
P02,H08,0.9806885932387469,RFU,SIMULATED,20261006
P02,H09,0.8490094591435743,RFU,SIMULATED,20261006
P02,H10,0.054670480563899795,RFU,SIMULATED,20261006
P02,H11,0.05686302607688431,RFU,SIMULATED,20261006
P02,H12,0.561344819260764,RFU,SIMULATED,20261006
