plate_id,well,row,column,role,sample_id,compound_id,concentration_nM,replicate,batch
P01,A01,A,1,NEG_CTRL,P01-NEG-A,,,,BATCH-1
P01,A02,A,2,SAMPLE,CMP-A-3nM-tech1-P01,CMP-A,3.0,tech1,BATCH-1
P01,A03,A,3,SAMPLE,CMP-A-10nM-tech1-P01,CMP-A,10.0,tech1,BATCH-1
P01,A04,A,4,SAMPLE,CMP-A-30nM-tech1-P01,CMP-A,30.0,tech1,BATCH-1
P01,A05,A,5,SAMPLE,CMP-A-100nM-tech1-P01,CMP-A,100.0,tech1,BATCH-1
P01,A06,A,6,SAMPLE,CMP-A-300nM-tech1-P01,CMP-A,300.0,tech1,BATCH-1
P01,A07,A,7,SAMPLE,CMP-A-1000nM-tech1-P01,CMP-A,1000.0,tech1,BATCH-1
P01,A08,A,8,SAMPLE,CMP-A-3000nM-tech1-P01,CMP-A,3000.0,tech1,BATCH-1
P01,A09,A,9,SAMPLE,CMP-A-10000nM-tech1-P01,CMP-A,10000.0,tech1,BATCH-1
P01,A10,A,10,BUFFER,P01-BUF-A10,,,,BATCH-1
P01,A11,A,11,BUFFER,P01-BUF-A11,,,,BATCH-1
P01,A12,A,12,POS_CTRL,P01-POS-A,,,,BATCH-1
P01,B01,B,1,NEG_CTRL,P01-NEG-B,,,,BATCH-1
P01,B02,B,2,SAMPLE,CMP-A-3nM-tech1-P01,CMP-A,3.0,tech1,BATCH-1
P01,B03,B,3,SAMPLE,CMP-A-10nM-tech1-P01,CMP-A,10.0,tech1,BATCH-1
P01,B04,B,4,SAMPLE,CMP-A-30nM-tech1-P01,CMP-A,30.0,tech1,BATCH-1
P01,B05,B,5,SAMPLE,CMP-A-100nM-tech1-P01,CMP-A,100.0,tech1,BATCH-1
P01,B06,B,6,SAMPLE,CMP-A-300nM-tech1-P01,CMP-A,300.0,tech1,BATCH-1
P01,B07,B,7,SAMPLE,CMP-A-1000nM-tech1-P01,CMP-A,1000.0,tech1,BATCH-1
P01,B08,B,8,SAMPLE,CMP-A-3000nM-tech1-P01,CMP-A,3000.0,tech1,BATCH-1
P01,B09,B,9,SAMPLE,CMP-A-10000nM-tech1-P01,CMP-A,10000.0,tech1,BATCH-1
P01,B10,B,10,BUFFER,P01-BUF-B10,,,,BATCH-1
P01,B11,B,11,BUFFER,P01-BUF-B11,,,,BATCH-1
P01,B12,B,12,POS_CTRL,P01-POS-B,,,,BATCH-1
P01,C01,C,1,NEG_CTRL,P01-NEG-C,,,,BATCH-1
P01,C02,C,2,SAMPLE,CMP-A-3nM-tech2-P01,CMP-A,3.0,tech2,BATCH-1
P01,C03,C,3,SAMPLE,CMP-A-10nM-tech2-P01,CMP-A,10.0,tech2,BATCH-1
P01,C04,C,4,SAMPLE,CMP-A-30nM-tech2-P01,CMP-A,30.0,tech2,BATCH-1
P01,C05,C,5,SAMPLE,CMP-A-100nM-tech2-P01,CMP-A,100.0,tech2,BATCH-1
P01,C06,C,6,SAMPLE,CMP-A-300nM-tech2-P01,CMP-A,300.0,tech2,BATCH-1
P01,C07,C,7,SAMPLE,CMP-A-1000nM-tech2-P01,CMP-A,1000.0,tech2,BATCH-1
P01,C08,C,8,SAMPLE,CMP-A-3000nM-tech2-P01,CMP-A,3000.0,tech2,BATCH-1
P01,C09,C,9,SAMPLE,CMP-A-10000nM-tech2-P01,CMP-A,10000.0,tech2,BATCH-1
P01,C10,C,10,BUFFER,P01-BUF-C10,,,,BATCH-1
P01,C11,C,11,BUFFER,P01-BUF-C11,,,,BATCH-1
P01,C12,C,12,POS_CTRL,P01-POS-C,,,,BATCH-1
P01,D01,D,1,NEG_CTRL,P01-NEG-D,,,,BATCH-1
P01,D02,D,2,SAMPLE,CMP-B-3nM-tech1-P01,CMP-B,3.0,tech1,BATCH-1
P01,D03,D,3,SAMPLE,CMP-B-10nM-tech1-P01,CMP-B,10.0,tech1,BATCH-1
P01,D04,D,4,SAMPLE,CMP-B-30nM-tech1-P01,CMP-B,30.0,tech1,BATCH-1
P01,D05,D,5,SAMPLE,CMP-B-100nM-tech1-P01,CMP-B,100.0,tech1,BATCH-1
P01,D06,D,6,SAMPLE,CMP-B-300nM-tech1-P01,CMP-B,300.0,tech1,BATCH-1
P01,D07,D,7,SAMPLE,CMP-B-1000nM-tech1-P01,CMP-B,1000.0,tech1,BATCH-1
P01,D08,D,8,SAMPLE,CMP-B-3000nM-tech1-P01,CMP-B,3000.0,tech1,BATCH-1
P01,D09,D,9,SAMPLE,CMP-B-10000nM-tech1-P01,CMP-B,10000.0,tech1,BATCH-1
P01,D10,D,10,BUFFER,P01-BUF-D10,,,,BATCH-1
P01,D11,D,11,BUFFER,P01-BUF-D11,,,,BATCH-1
P01,D12,D,12,POS_CTRL,P01-POS-D,,,,BATCH-1
P01,E01,E,1,NEG_CTRL,P01-NEG-E,,,,BATCH-1
P01,E02,E,2,SAMPLE,CMP-B-3nM-tech1-P01,CMP-B,3.0,tech1,BATCH-1
P01,E03,E,3,SAMPLE,CMP-B-10nM-tech1-P01,CMP-B,10.0,tech1,BATCH-1
P01,E04,E,4,SAMPLE,CMP-B-30nM-tech1-P01,CMP-B,30.0,tech1,BATCH-1
P01,E05,E,5,SAMPLE,CMP-B-100nM-tech1-P01,CMP-B,100.0,tech1,BATCH-1
P01,E06,E,6,SAMPLE,CMP-B-300nM-tech1-P01,CMP-B,300.0,tech1,BATCH-1
P01,E07,E,7,SAMPLE,CMP-B-1000nM-tech1-P01,CMP-B,1000.0,tech1,BATCH-1
P01,E08,E,8,SAMPLE,CMP-B-3000nM-tech1-P01,CMP-B,3000.0,tech1,BATCH-1
P01,E09,E,9,SAMPLE,CMP-B-10000nM-tech1-P01,CMP-B,10000.0,tech1,BATCH-1
P01,E10,E,10,BUFFER,P01-BUF-E10,,,,BATCH-1
P01,E11,E,11,BUFFER,P01-BUF-E11,,,,BATCH-1
P01,E12,E,12,POS_CTRL,P01-POS-E,,,,BATCH-1
P01,F01,F,1,NEG_CTRL,P01-NEG-F,,,,BATCH-1
P01,F02,F,2,SAMPLE,CMP-B-3nM-tech2-P01,CMP-B,3.0,tech2,BATCH-1
P01,F03,F,3,SAMPLE,CMP-B-10nM-tech2-P01,CMP-B,10.0,tech2,BATCH-1
P01,F04,F,4,SAMPLE,CMP-B-30nM-tech2-P01,CMP-B,30.0,tech2,BATCH-1
P01,F05,F,5,SAMPLE,CMP-B-100nM-tech2-P01,CMP-B,100.0,tech2,BATCH-1
P01,F06,F,6,SAMPLE,CMP-B-300nM-tech2-P01,CMP-B,300.0,tech2,BATCH-1
P01,F07,F,7,SAMPLE,CMP-B-1000nM-tech2-P01,CMP-B,1000.0,tech2,BATCH-1
P01,F08,F,8,SAMPLE,CMP-B-3000nM-tech2-P01,CMP-B,3000.0,tech2,BATCH-1
P01,F09,F,9,SAMPLE,CMP-B-10000nM-tech2-P01,CMP-B,10000.0,tech2,BATCH-1
P01,F10,F,10,BUFFER,P01-BUF-F10,,,,BATCH-1
P01,F11,F,11,BUFFER,P01-BUF-F11,,,,BATCH-1
P01,F12,F,12,POS_CTRL,P01-POS-F,,,,BATCH-1
P01,G01,G,1,NEG_CTRL,P01-NEG-G,,,,BATCH-1
P01,G02,G,2,SAMPLE,CMP-C-3nM-tech1-P01,CMP-C,3.0,tech1,BATCH-1
P01,G03,G,3,SAMPLE,CMP-C-10nM-tech1-P01,CMP-C,10.0,tech1,BATCH-1
P01,G04,G,4,SAMPLE,CMP-C-30nM-tech1-P01,CMP-C,30.0,tech1,BATCH-1
P01,G05,G,5,SAMPLE,CMP-C-100nM-tech1-P01,CMP-C,100.0,tech1,BATCH-1
P01,G06,G,6,SAMPLE,CMP-C-300nM-tech1-P01,CMP-C,300.0,tech1,BATCH-1
P01,G07,G,7,SAMPLE,CMP-C-1000nM-tech1-P01,CMP-C,1000.0,tech1,BATCH-1
P01,G08,G,8,SAMPLE,CMP-C-3000nM-tech1-P01,CMP-C,3000.0,tech1,BATCH-1
P01,G09,G,9,SAMPLE,CMP-C-10000nM-tech1-P01,CMP-C,10000.0,tech1,BATCH-1
P01,G10,G,10,BUFFER,P01-BUF-G10,,,,BATCH-1
P01,G11,G,11,BUFFER,P01-BUF-G11,,,,BATCH-1
P01,G12,G,12,POS_CTRL,P01-POS-G,,,,BATCH-1
P01,H01,H,1,NEG_CTRL,P01-NEG-H,,,,BATCH-1
P01,H02,H,2,SAMPLE,CMP-C-3nM-tech2-P01,CMP-C,3.0,tech2,BATCH-1
P01,H03,H,3,SAMPLE,CMP-C-10nM-tech2-P01,CMP-C,10.0,tech2,BATCH-1
P01,H04,H,4,SAMPLE,CMP-C-30nM-tech2-P01,CMP-C,30.0,tech2,BATCH-1
P01,H05,H,5,SAMPLE,CMP-C-100nM-tech2-P01,CMP-C,100.0,tech2,BATCH-1
P01,H06,H,6,SAMPLE,CMP-C-300nM-tech2-P01,CMP-C,300.0,tech2,BATCH-1
P01,H07,H,7,SAMPLE,CMP-C-1000nM-tech2-P01,CMP-C,1000.0,tech2,BATCH-1
P01,H08,H,8,SAMPLE,CMP-C-3000nM-tech2-P01,CMP-C,3000.0,tech2,BATCH-1
P01,H09,H,9,SAMPLE,CMP-C-10000nM-tech2-P01,CMP-C,10000.0,tech2,BATCH-1
P01,H10,H,10,BUFFER,P01-BUF-H10,,,,BATCH-1
P01,H11,H,11,BUFFER,P01-BUF-H11,,,,BATCH-1
P01,H12,H,12,POS_CTRL,P01-POS-H,,,,BATCH-1
P02,A01,A,1,NEG_CTRL,P02-NEG-A,,,,BATCH-2
P02,A02,A,2,SAMPLE,CMP-A-3nM-tech1-P02,CMP-A,3.0,tech1,BATCH-2
P02,A03,A,3,SAMPLE,CMP-A-10nM-tech1-P02,CMP-A,10.0,tech1,BATCH-2
P02,A04,A,4,SAMPLE,CMP-A-30nM-tech1-P02,CMP-A,30.0,tech1,BATCH-2
P02,A05,A,5,SAMPLE,CMP-A-100nM-tech1-P02,CMP-A,100.0,tech1,BATCH-2
P02,A06,A,6,SAMPLE,CMP-A-300nM-tech1-P02,CMP-A,300.0,tech1,BATCH-2
P02,A07,A,7,SAMPLE,CMP-A-1000nM-tech1-P02,CMP-A,1000.0,tech1,BATCH-2
P02,A08,A,8,SAMPLE,CMP-A-3000nM-tech1-P02,CMP-A,3000.0,tech1,BATCH-2
P02,A09,A,9,SAMPLE,CMP-A-10000nM-tech1-P02,CMP-A,10000.0,tech1,BATCH-2
P02,A10,A,10,BUFFER,P02-BUF-A10,,,,BATCH-2
P02,A11,A,11,BUFFER,P02-BUF-A11,,,,BATCH-2
P02,A12,A,12,POS_CTRL,P02-POS-A,,,,BATCH-2
P02,B01,B,1,NEG_CTRL,P02-NEG-B,,,,BATCH-2
P02,B02,B,2,SAMPLE,CMP-A-3nM-tech1-P02,CMP-A,3.0,tech1,BATCH-2
P02,B03,B,3,SAMPLE,CMP-A-10nM-tech1-P02,CMP-A,10.0,tech1,BATCH-2
P02,B04,B,4,SAMPLE,CMP-A-30nM-tech1-P02,CMP-A,30.0,tech1,BATCH-2
P02,B05,B,5,SAMPLE,CMP-A-100nM-tech1-P02,CMP-A,100.0,tech1,BATCH-2
P02,B06,B,6,SAMPLE,CMP-A-300nM-tech1-P02,CMP-A,300.0,tech1,BATCH-2
P02,B07,B,7,SAMPLE,CMP-A-1000nM-tech1-P02,CMP-A,1000.0,tech1,BATCH-2
P02,B08,B,8,SAMPLE,CMP-A-3000nM-tech1-P02,CMP-A,3000.0,tech1,BATCH-2
P02,B09,B,9,SAMPLE,CMP-A-10000nM-tech1-P02,CMP-A,10000.0,tech1,BATCH-2
P02,B10,B,10,BUFFER,P02-BUF-B10,,,,BATCH-2
P02,B11,B,11,BUFFER,P02-BUF-B11,,,,BATCH-2
P02,B12,B,12,POS_CTRL,P02-POS-B,,,,BATCH-2
P02,C01,C,1,NEG_CTRL,P02-NEG-C,,,,BATCH-2
P02,C02,C,2,SAMPLE,CMP-A-3nM-tech2-P02,CMP-A,3.0,tech2,BATCH-2
P02,C03,C,3,SAMPLE,CMP-A-10nM-tech2-P02,CMP-A,10.0,tech2,BATCH-2
P02,C04,C,4,SAMPLE,CMP-A-30nM-tech2-P02,CMP-A,30.0,tech2,BATCH-2
P02,C05,C,5,SAMPLE,CMP-A-100nM-tech2-P02,CMP-A,100.0,tech2,BATCH-2
P02,C06,C,6,SAMPLE,CMP-A-300nM-tech2-P02,CMP-A,300.0,tech2,BATCH-2
P02,C07,C,7,SAMPLE,CMP-A-1000nM-tech2-P02,CMP-A,1000.0,tech2,BATCH-2
P02,C08,C,8,SAMPLE,CMP-A-3000nM-tech2-P02,CMP-A,3000.0,tech2,BATCH-2
P02,C09,C,9,SAMPLE,CMP-A-10000nM-tech2-P02,CMP-A,10000.0,tech2,BATCH-2
P02,C10,C,10,BUFFER,P02-BUF-C10,,,,BATCH-2
P02,C11,C,11,BUFFER,P02-BUF-C11,,,,BATCH-2
P02,C12,C,12,POS_CTRL,P02-POS-C,,,,BATCH-2
P02,D01,D,1,NEG_CTRL,P02-NEG-D,,,,BATCH-2
P02,D02,D,2,SAMPLE,CMP-B-3nM-tech1-P02,CMP-B,3.0,tech1,BATCH-2
P02,D03,D,3,SAMPLE,CMP-B-10nM-tech1-P02,CMP-B,10.0,tech1,BATCH-2
P02,D04,D,4,SAMPLE,CMP-B-30nM-tech1-P02,CMP-B,30.0,tech1,BATCH-2
P02,D05,D,5,SAMPLE,CMP-B-100nM-tech1-P02,CMP-B,100.0,tech1,BATCH-2
P02,D06,D,6,SAMPLE,CMP-B-300nM-tech1-P02,CMP-B,300.0,tech1,BATCH-2
P02,D07,D,7,SAMPLE,CMP-B-1000nM-tech1-P02,CMP-B,1000.0,tech1,BATCH-2
P02,D08,D,8,SAMPLE,CMP-B-3000nM-tech1-P02,CMP-B,3000.0,tech1,BATCH-2
P02,D09,D,9,SAMPLE,CMP-B-10000nM-tech1-P02,CMP-B,10000.0,tech1,BATCH-2
P02,D10,D,10,BUFFER,P02-BUF-D10,,,,BATCH-2
P02,D11,D,11,BUFFER,P02-BUF-D11,,,,BATCH-2
P02,D12,D,12,POS_CTRL,P02-POS-D,,,,BATCH-2
P02,E01,E,1,NEG_CTRL,P02-NEG-E,,,,BATCH-2
P02,E02,E,2,SAMPLE,CMP-B-3nM-tech1-P02,CMP-B,3.0,tech1,BATCH-2
P02,E03,E,3,SAMPLE,CMP-B-10nM-tech1-P02,CMP-B,10.0,tech1,BATCH-2
P02,E04,E,4,SAMPLE,CMP-B-30nM-tech1-P02,CMP-B,30.0,tech1,BATCH-2
P02,E05,E,5,SAMPLE,CMP-B-100nM-tech1-P02,CMP-B,100.0,tech1,BATCH-2
P02,E06,E,6,SAMPLE,CMP-B-300nM-tech1-P02,CMP-B,300.0,tech1,BATCH-2
P02,E07,E,7,SAMPLE,CMP-B-1000nM-tech1-P02,CMP-B,1000.0,tech1,BATCH-2
P02,E08,E,8,SAMPLE,CMP-B-3000nM-tech1-P02,CMP-B,3000.0,tech1,BATCH-2
P02,E09,E,9,SAMPLE,CMP-B-10000nM-tech1-P02,CMP-B,10000.0,tech1,BATCH-2
P02,E10,E,10,BUFFER,P02-BUF-E10,,,,BATCH-2
P02,E11,E,11,BUFFER,P02-BUF-E11,,,,BATCH-2
P02,E12,E,12,POS_CTRL,P02-POS-E,,,,BATCH-2
P02,F01,F,1,NEG_CTRL,P02-NEG-F,,,,BATCH-2
P02,F02,F,2,SAMPLE,CMP-B-3nM-tech2-P02,CMP-B,3.0,tech2,BATCH-2
P02,F03,F,3,SAMPLE,CMP-B-10nM-tech2-P02,CMP-B,10.0,tech2,BATCH-2
P02,F04,F,4,SAMPLE,CMP-B-30nM-tech2-P02,CMP-B,30.0,tech2,BATCH-2
P02,F05,F,5,SAMPLE,CMP-B-100nM-tech2-P02,CMP-B,100.0,tech2,BATCH-2
P02,F06,F,6,SAMPLE,CMP-B-300nM-tech2-P02,CMP-B,300.0,tech2,BATCH-2
P02,F07,F,7,SAMPLE,CMP-B-1000nM-tech2-P02,CMP-B,1000.0,tech2,BATCH-2
P02,F08,F,8,SAMPLE,CMP-B-3000nM-tech2-P02,CMP-B,3000.0,tech2,BATCH-2
P02,F09,F,9,SAMPLE,CMP-B-10000nM-tech2-P02,CMP-B,10000.0,tech2,BATCH-2
P02,F10,F,10,BUFFER,P02-BUF-F10,,,,BATCH-2
P02,F11,F,11,BUFFER,P02-BUF-F11,,,,BATCH-2
P02,F12,F,12,POS_CTRL,P02-POS-F,,,,BATCH-2
P02,G01,G,1,NEG_CTRL,P02-NEG-G,,,,BATCH-2
P02,G02,G,2,SAMPLE,CMP-C-3nM-tech1-P02,CMP-C,3.0,tech1,BATCH-2
P02,G03,G,3,SAMPLE,CMP-C-10nM-tech1-P02,CMP-C,10.0,tech1,BATCH-2
P02,G04,G,4,SAMPLE,CMP-C-30nM-tech1-P02,CMP-C,30.0,tech1,BATCH-2
P02,G05,G,5,SAMPLE,CMP-C-100nM-tech1-P02,CMP-C,100.0,tech1,BATCH-2
P02,G06,G,6,SAMPLE,CMP-C-300nM-tech1-P02,CMP-C,300.0,tech1,BATCH-2
P02,G07,G,7,SAMPLE,CMP-C-1000nM-tech1-P02,CMP-C,1000.0,tech1,BATCH-2
P02,G08,G,8,SAMPLE,CMP-C-3000nM-tech1-P02,CMP-C,3000.0,tech1,BATCH-2
P02,G09,G,9,SAMPLE,CMP-C-10000nM-tech1-P02,CMP-C,10000.0,tech1,BATCH-2
P02,G10,G,10,BUFFER,P02-BUF-G10,,,,BATCH-2
P02,G11,G,11,BUFFER,P02-BUF-G11,,,,BATCH-2
P02,G12,G,12,POS_CTRL,P02-POS-G,,,,BATCH-2
P02,H01,H,1,NEG_CTRL,P02-NEG-H,,,,BATCH-2
P02,H02,H,2,SAMPLE,CMP-C-3nM-tech2-P02,CMP-C,3.0,tech2,BATCH-2
P02,H03,H,3,SAMPLE,CMP-C-10nM-tech2-P02,CMP-C,10.0,tech2,BATCH-2
P02,H04,H,4,SAMPLE,CMP-C-30nM-tech2-P02,CMP-C,30.0,tech2,BATCH-2
P02,H05,H,5,SAMPLE,CMP-C-100nM-tech2-P02,CMP-C,100.0,tech2,BATCH-2
P02,H06,H,6,SAMPLE,CMP-C-300nM-tech2-P02,CMP-C,300.0,tech2,BATCH-2
P02,H07,H,7,SAMPLE,CMP-C-1000nM-tech2-P02,CMP-C,1000.0,tech2,BATCH-2
P02,H08,H,8,SAMPLE,CMP-C-3000nM-tech2-P02,CMP-C,3000.0,tech2,BATCH-2
P02,H09,H,9,SAMPLE,CMP-C-10000nM-tech2-P02,CMP-C,10000.0,tech2,BATCH-2
P02,H10,H,10,BUFFER,P02-BUF-H10,,,,BATCH-2
P02,H11,H,11,BUFFER,P02-BUF-H11,,,,BATCH-2
P02,H12,H,12,POS_CTRL,P02-POS-H,,,,BATCH-2
