source_id,molecule_chembl_id,smiles,assay_chembl_id,assay_type,relation,value,unit,pchembl_value,target_chembl_id,target_uniprot,organism,data_validity_comment,bao_label,data_origin,access_date
105376,CHEMBL101052,COc1ccc(Nc2ccnc(Nc3ccc(OCC(O)CN(C)C)cc3)n2)cc1,CHEMBL660784,IC50,=,36000.0,nM,4.44,CHEMBL301,P24941,Homo sapiens,,single protein format,ChEMBL,2026-10-06
106512,CHEMBL260416,O=C(Nc1n[nH]c2nc(-c3ccc(O)c(Br)c3)ccc12)C1CC1,CHEMBL661128,IC50,=,2.0,nM,8.70,CHEMBL301,P24941,Homo sapiens,,single protein format,ChEMBL,2026-10-06
107704,CHEMBL261690,O=C(Nc1n[nH]c2nc(-c3nccs3)c(Br)cc12)C1CC1,CHEMBL661128,IC50,>,1000.0,nM,,CHEMBL301,P24941,Homo sapiens,,single protein format,ChEMBL,2026-10-06
107706,CHEMBL406644,O=C(Nc1n[nH]c2nc(-c3nccs3)c(Br)cc12)C1CCCC1,CHEMBL661128,IC50,>,1000.0,nM,,CHEMBL301,P24941,Homo sapiens,,single protein format,ChEMBL,2026-10-06
108039,CHEMBL84944,CC(C)C(CO)Nc1nc(NCc2cccc(O)c2)c2ncn(C(C)C)c2n1,CHEMBL661130,IC50,=,30.0,nM,7.52,CHEMBL301,P24941,Homo sapiens,,single protein format,ChEMBL,2026-10-06
108796,CHEMBL419720,CN(C)CC(O)COc1ccc(Nc2ncc(Br)c(N(CCCC(F)(F)F)c3ccccc3)n2)cc1,CHEMBL660784,IC50,=,200.0,nM,6.70,CHEMBL301,P24941,Homo sapiens,,single protein format,ChEMBL,2026-10-06
108798,CHEMBL260929,O=C(Nc1n[nH]c2cc(-c3ccc[nH]3)ccc12)C1CC1,CHEMBL661128,IC50,=,497.0,nM,6.30,CHEMBL301,P24941,Homo sapiens,,single protein format,ChEMBL,2026-10-06
108800,CHEMBL407980,O=C(Nc1n[nH]c2nc(-c3cccs3)c(Br)cc12)C1CCCC1,CHEMBL661128,IC50,>,1000.0,nM,,CHEMBL301,P24941,Homo sapiens,,single protein format,ChEMBL,2026-10-06
110543,CHEMBL86066,CC(C)n1cnc2c(NCc3ccccc3)nc(NCCO)nc21,CHEMBL661130,IC50,=,8000.0,nM,5.10,CHEMBL301,P24941,Homo sapiens,,single protein format,ChEMBL,2026-10-06
111576,CHEMBL101311,CN(C)CC(O)COc1ccc(Nc2nccc(Nc3cc(Cl)ccc3Cl)n2)cc1,CHEMBL660784,IC50,=,1000.0,nM,6.00,CHEMBL301,P24941,Homo sapiens,,single protein format,ChEMBL,2026-10-06
111578,CHEMBL100675,Cc1ccc(Cl)c(Nc2cc(Nc3ccc(OCC(O)CN(C)C)cc3)ncn2)c1,CHEMBL660784,IC50,=,22000.0,nM,4.66,CHEMBL301,P24941,Homo sapiens,,single protein format,ChEMBL,2026-10-06
111580,CHEMBL102008,CN(C)CC(O)COc1ccc(Nc2nccc(N(Cc3ccccc3)c3cc(Cl)ccc3Cl)n2)cc1,CHEMBL660784,IC50,>,10000.0,nM,,CHEMBL301,P24941,Homo sapiens,,single protein format,ChEMBL,2026-10-06
111582,CHEMBL405021,O=C(Nc1n[nH]c2cc(-c3ccccc3)ccc12)C1CC1,CHEMBL661128,IC50,>,1000.0,nM,,CHEMBL301,P24941,Homo sapiens,,single protein format,ChEMBL,2026-10-06
112982,CHEMBL318188,CN(C)CC(O)COc1ccc(Nc2cc(Nc3ccccc3)ncn2)cc1,CHEMBL660784,IC50,>,100000.0,nM,,CHEMBL301,P24941,Homo sapiens,,single protein format,ChEMBL,2026-10-06
112984,CHEMBL106060,O=C(Nc1[nH]nc2cc(-c3ccc(O)nc3)ccc12)C1CC1,CHEMBL661128,IC50,>,1000.0,nM,,CHEMBL301,P24941,Homo sapiens,,single protein format,ChEMBL,2026-10-06
112986,CHEMBL260231,O=C(Nc1n[nH]c2nc(-c3cccs3)c(Br)cc12)C1CC1,CHEMBL661128,IC50,=,639.0,nM,6.19,CHEMBL301,P24941,Homo sapiens,,single protein format,ChEMBL,2026-10-06
114279,CHEMBL99689,CN(C)CC(O)COc1ccc(Nc2nccc(Nc3ccccc3C#N)n2)cc1,CHEMBL660784,IC50,=,4000.0,nM,5.40,CHEMBL301,P24941,Homo sapiens,,single protein format,ChEMBL,2026-10-06
114281,CHEMBL100811,CN(C)CC(O)COc1ccc(Nc2cc(Nc3ccccc3Br)ncn2)cc1,CHEMBL660784,IC50,=,28000.0,nM,4.55,CHEMBL301,P24941,Homo sapiens,,single protein format,ChEMBL,2026-10-06
114283,CHEMBL328623,Cc1ccc(F)c(Nc2cc(Nc3ccc(OCC(O)CN(C)C)cc3)ncn2)c1,CHEMBL660784,IC50,=,81000.0,nM,4.09,CHEMBL301,P24941,Homo sapiens,,single protein format,ChEMBL,2026-10-06
114285,CHEMBL260163,O=C(Nc1n[nH]c2cc(-c3ccc(O)cc3)ccc12)C1CC1,CHEMBL661128,IC50,=,5.0,nM,8.30,CHEMBL301,P24941,Homo sapiens,,single protein format,ChEMBL,2026-10-06
114287,CHEMBL101747,CCN1CCC(CC(=O)Nc2n[nH]c3nc(-c4cccs4)c(Br)cc23)CC1,CHEMBL661128,IC50,>,1000.0,nM,,CHEMBL301,P24941,Homo sapiens,,single protein format,ChEMBL,2026-10-06
115400,CHEMBL261660,O=C(Nc1n[nH]c2cc(-c3cccc(F)c3)ccc12)C1CC1,CHEMBL661128,IC50,>,1000.0,nM,,CHEMBL301,P24941,Homo sapiens,,single protein format,ChEMBL,2026-10-06
115965,CHEMBL83320,CC(C)C(CO)Nc1nc(NCc2ccccc2O)c2ncn(C(C)C)c2n1,CHEMBL661131,IC50,=,,nM,,CHEMBL301,P24941,Homo sapiens,,single protein format,ChEMBL,2026-10-06
116837,CHEMBL421207,O=C(Nc1n[nH]c2cc(-c3ccco3)ccc12)C1CC1,CHEMBL661128,IC50,=,631.0,nM,6.20,CHEMBL301,P24941,Homo sapiens,,single protein format,ChEMBL,2026-10-06
118042,CHEMBL427909,O=C(Nc1n[nH]c2nc(-c3ccc(O)cc3)c(-c3ccccc3)cc12)C1CC1,CHEMBL661128,IC50,=,5.0,nM,8.30,CHEMBL301,P24941,Homo sapiens,,single protein format,ChEMBL,2026-10-06
118044,CHEMBL102936,CS(=O)(=O)Nc1ccc(-c2ccc3c(NC(=O)C4CC4)n[nH]c3c2)cc1,CHEMBL661128,IC50,>,1000.0,nM,,CHEMBL301,P24941,Homo sapiens,,single protein format,ChEMBL,2026-10-06
118471,CHEMBL315837,CC(C)n1cnc2c(NC3CCCC3)nc(NCCCO)nc21,CHEMBL661130,IC50,=,900.0,nM,6.05,CHEMBL301,P24941,Homo sapiens,,single protein format,ChEMBL,2026-10-06
119257,CHEMBL407113,NS(=O)(=O)c1cccc(-c2ccc3c(NC(=O)C4CC4)n[nH]c3c2)c1,CHEMBL661128,IC50,>,1000.0,nM,,CHEMBL301,P24941,Homo sapiens,,single protein format,ChEMBL,2026-10-06
119259,CHEMBL408564,O=C(Nc1n[nH]c2nc(-c3ccco3)c(Br)cc12)C1CC1,CHEMBL661128,IC50,>,1000.0,nM,,CHEMBL301,P24941,Homo sapiens,,single protein format,ChEMBL,2026-10-06
119601,CHEMBL83980,CC(C)n1cnc2c(NCc3ccccc3)nc(NCCCO)nc21,CHEMBL661130,IC50,=,800.0,nM,6.10,CHEMBL301,P24941,Homo sapiens,,single protein format,ChEMBL,2026-10-06
120507,CHEMBL101156,CN(C)CC(O)COc1ccc(Nc2nccc(N(CCC#N)c3cc(Cl)ccc3Cl)n2)cc1,CHEMBL660784,IC50,=,3000.0,nM,5.52,CHEMBL301,P24941,Homo sapiens,,single protein format,ChEMBL,2026-10-06
121677,CHEMBL101473,Cc1cnc(Nc2ccc(OCC(O)CN(C)C)cc2)nc1Nc1ccccc1,CHEMBL660784,IC50,=,8000.0,nM,5.10,CHEMBL301,P24941,Homo sapiens,,single protein format,ChEMBL,2026-10-06
121679,CHEMBL260928,O=C(Nc1n[nH]c2cc(-c3ccsc3)ccc12)C1CC1,CHEMBL661128,IC50,=,484.0,nM,6.32,CHEMBL301,P24941,Homo sapiens,,single protein format,ChEMBL,2026-10-06
121681,CHEMBL101804,O=C(Nc1n[nH]c2nc(-c3ccco3)ccc12)C1CC1,CHEMBL661128,IC50,>,1000.0,nM,,CHEMBL301,P24941,Homo sapiens,,single protein format,ChEMBL,2026-10-06
122915,CHEMBL99687,Cc1ccc(Nc2ccnc(Nc3ccc(OCC(O)CN(C)C)cc3)n2)cc1,CHEMBL660784,IC50,=,26000.0,nM,4.58,CHEMBL301,P24941,Homo sapiens,,single protein format,ChEMBL,2026-10-06
122917,CHEMBL318485,CN(C)CC(O)COc1ccc(Nc2cc(Nc3ccccc3F)ncn2)cc1,CHEMBL660784,IC50,>,100000.0,nM,,CHEMBL301,P24941,Homo sapiens,,single protein format,ChEMBL,2026-10-06
122919,CHEMBL261440,O=C(Nc1n[nH]c2cc(-c3cc(F)ccc3F)ccc12)C1CC1,CHEMBL661128,IC50,>,1000.0,nM,,CHEMBL301,P24941,Homo sapiens,,single protein format,ChEMBL,2026-10-06
124143,CHEMBL103080,CS(=O)(=O)Nc1cccc(-c2ccc3c(NC(=O)C4CC4)n[nH]c3c2)c1,CHEMBL661128,IC50,>,1000.0,nM,,CHEMBL301,P24941,Homo sapiens,,single protein format,ChEMBL,2026-10-06
124665,CHEMBL84140,CC(C)n1cnc2c(N)nc(NCCCO)nc21,CHEMBL661130,IC50,=,2400.0,nM,5.62,CHEMBL301,P24941,Homo sapiens,,single protein format,ChEMBL,2026-10-06
125500,CHEMBL101887,CN(C)CC(O)COc1ccc(Nc2nccc(N(CCCC(F)(F)F)c3cc(Cl)ccc3Cl)n2)cc1,CHEMBL660784,IC50,=,12000.0,nM,4.92,CHEMBL301,P24941,Homo sapiens,,single protein format,ChEMBL,2026-10-06
125502,CHEMBL407981,CCN1CCN(CCCC(=O)Nc2n[nH]c3nc(-c4ccc(O)cc4)c(Br)cc23)CC1,CHEMBL661128,IC50,=,60.0,nM,7.22,CHEMBL301,P24941,Homo sapiens,,single protein format,ChEMBL,2026-10-06
125504,CHEMBL103099,O=C(Nc1[nH]nc2cc(-c3ccc4ncccc4c3)ccc12)C1CC1,CHEMBL661128,IC50,>,1000.0,nM,,CHEMBL301,P24941,Homo sapiens,,single protein format,ChEMBL,2026-10-06
127000,CHEMBL259838,O=C(Nc1n[nH]c2nc(-c3ccc(O)c(Cl)c3)ccc12)C1CC1,CHEMBL661128,IC50,=,2.0,nM,8.70,CHEMBL301,P24941,Homo sapiens,,single protein format,ChEMBL,2026-10-06
127002,CHEMBL103098,NS(=O)(=O)c1ccc(-c2ccc3c(NC(=O)C4CC4)n[nH]c3c2)cc1,CHEMBL661128,IC50,>,1000.0,nM,,CHEMBL301,P24941,Homo sapiens,,single protein format,ChEMBL,2026-10-06
128146,CHEMBL101868,COc1ccccc1Nc1cc(Nc2ccc(OCC(O)CN(C)C)cc2)ncn1,CHEMBL660784,IC50,=,85000.0,nM,4.07,CHEMBL301,P24941,Homo sapiens,,single protein format,ChEMBL,2026-10-06
129334,CHEMBL322640,CN(C)CC(O)COc1ccc(Nc2cc(Nc3cc(Cl)ccc3Cl)ncn2)cc1,CHEMBL660784,IC50,=,22000.0,nM,4.66,CHEMBL301,P24941,Homo sapiens,,single protein format,ChEMBL,2026-10-06
129336,CHEMBL430507,CN(C)CC(O)COc1ccc(Nc2nccc(N(CC#N)c3cc(Cl)ccc3Cl)n2)cc1,CHEMBL660784,IC50,=,700.0,nM,6.16,CHEMBL301,P24941,Homo sapiens,,single protein format,ChEMBL,2026-10-06
129338,CHEMBL100391,CN(C)CC(O)COc1ccc(Nc2ncc(Cl)c(Nc3ccccc3)n2)cc1,CHEMBL660784,IC50,=,500.0,nM,6.30,CHEMBL301,P24941,Homo sapiens,,single protein format,ChEMBL,2026-10-06
129340,CHEMBL408019,O=C(Nc1n[nH]c2nc(-c3cccc(O)c3)ccc12)C1CC1,CHEMBL661128,IC50,=,62.0,nM,7.21,CHEMBL301,P24941,Homo sapiens,,single protein format,ChEMBL,2026-10-06
130730,CHEMBL99647,CN(C)CC(O)COc1ccc(Nc2cc(Nc3ccccc3Cl)ncn2)cc1,CHEMBL660784,IC50,=,95000.0,nM,4.02,CHEMBL301,P24941,Homo sapiens,,single protein format,ChEMBL,2026-10-06
130732,CHEMBL260243,O=C(Nc1n[nH]c2cc(-c3ccoc3)ccc12)C1CC1,CHEMBL661128,IC50,>,1000.0,nM,,CHEMBL301,P24941,Homo sapiens,,single protein format,ChEMBL,2026-10-06
131161,CHEMBL280074,Cn1cnc2c(NCc3ccccc3)nc(NCCO)nc21,CHEMBL661130,IC50,=,1200.0,nM,5.92,CHEMBL301,P24941,Homo sapiens,,single protein format,ChEMBL,2026-10-06
131958,CHEMBL101679,CN(C)CC(O)COc1ccc(Nc2nccc(Nc3ccccc3Cl)n2)cc1,CHEMBL660784,IC50,=,6000.0,nM,5.22,CHEMBL301,P24941,Homo sapiens,,single protein format,ChEMBL,2026-10-06
131960,CHEMBL322019,C#CCN(c1ccnc(Nc2ccc(OCC(O)CN(C)C)cc2)n1)c1cc(Cl)ccc1Cl,CHEMBL660784,IC50,=,2000.0,nM,5.70,CHEMBL301,P24941,Homo sapiens,,single protein format,ChEMBL,2026-10-06
131962,CHEMBL103112,O=C(Nc1[nH]nc2cc(-c3ccc(F)c(F)c3)ccc12)C1CC1,CHEMBL661128,IC50,>,1000.0,nM,,CHEMBL301,P24941,Homo sapiens,,single protein format,ChEMBL,2026-10-06
131964,CHEMBL105213,O=C(Nc1[nH]nc2cc(-c3cccc(F)c3F)ccc12)C1CC1,CHEMBL661128,IC50,>,1000.0,nM,,CHEMBL301,P24941,Homo sapiens,,single protein format,ChEMBL,2026-10-06
133212,CHEMBL102136,Cc1ccc(Nc2cc(Nc3ccc(OCC(O)CN(C)C)cc3)ncn2)cc1,CHEMBL660784,IC50,>,100000.0,nM,,CHEMBL301,P24941,Homo sapiens,,single protein format,ChEMBL,2026-10-06
133214,CHEMBL99948,Cc1ccc(Cl)c(Nc2ccnc(Nc3ccc(OCC(O)CN(C)C)cc3)n2)c1,CHEMBL660784,IC50,=,5000.0,nM,5.30,CHEMBL301,P24941,Homo sapiens,,single protein format,ChEMBL,2026-10-06
133216,CHEMBL98335,CN(C)CC(O)COc1ccc(Nc2ncc(F)c(Nc3ccccc3)n2)cc1,CHEMBL660784,IC50,>,10000.0,nM,,CHEMBL301,P24941,Homo sapiens,,single protein format,ChEMBL,2026-10-06
133218,CHEMBL260417,O=C(Nc1n[nH]c2nc(-c3ccc(O)cc3)c(Br)cc12)C1CC1,CHEMBL661128,IC50,=,5.0,nM,8.30,CHEMBL301,P24941,Homo sapiens,,single protein format,ChEMBL,2026-10-06
133600,CHEMBL84436,CC(C)n1cnc2c(NCc3ccccc3)nc(NC[C@@H](C)O)nc21,CHEMBL661130,IC50,=,200.0,nM,6.70,CHEMBL301,P24941,Homo sapiens,,single protein format,ChEMBL,2026-10-06
134406,CHEMBL101019,CN(C)CC(O)COc1ccc(Nc2nccc(Nc3ccccc3F)n2)cc1,CHEMBL660784,IC50,=,7000.0,nM,5.16,CHEMBL301,P24941,Homo sapiens,,single protein format,ChEMBL,2026-10-06
134408,CHEMBL103633,CN(C)CC(O)COc1ccc(Nc2nccc(Nc3ccccc3Br)n2)cc1,CHEMBL660784,IC50,=,7000.0,nM,5.16,CHEMBL301,P24941,Homo sapiens,,single protein format,ChEMBL,2026-10-06
134410,CHEMBL317629,CN(C)CC(O)COc1ccc(Nc2nccc(Nc3cccc(Cl)c3)n2)cc1,CHEMBL660784,IC50,=,5000.0,nM,5.30,CHEMBL301,P24941,Homo sapiens,,single protein format,ChEMBL,2026-10-06
134412,CHEMBL261659,O=C(Nc1n[nH]c2cc(-c3ccc4[nH]ccc4c3)ccc12)C1CC1,CHEMBL661128,IC50,>,1000.0,nM,,CHEMBL301,P24941,Homo sapiens,,single protein format,ChEMBL,2026-10-06
136825,CHEMBL100664,COc1ccccc1Nc1ccnc(Nc2ccc(OCC(O)CN(C)C)cc2)n1,CHEMBL660784,IC50,=,15000.0,nM,4.82,CHEMBL301,P24941,Homo sapiens,,single protein format,ChEMBL,2026-10-06
136827,CHEMBL101779,COc1ccc(Nc2cc(Nc3ccc(OCC(O)CN(C)C)cc3)ncn2)cc1,CHEMBL660784,IC50,>,100000.0,nM,,CHEMBL301,P24941,Homo sapiens,,single protein format,ChEMBL,2026-10-06
138043,CHEMBL259270,O=C(Nc1n[nH]c2nc(-c3ccccc3)c(Br)cc12)C1CC1,CHEMBL661128,IC50,>,1000.0,nM,,CHEMBL301,P24941,Homo sapiens,,single protein format,ChEMBL,2026-10-06
138069,CHEMBL419903,O=C(Nc1n[nH]c2cc(-c3ccc(F)cc3)ccc12)C1CC1,CHEMBL661128,IC50,>,1000.0,nM,,CHEMBL301,P24941,Homo sapiens,,single protein format,ChEMBL,2026-10-06
138071,CHEMBL318522,O=C(Nc1n[nH]c2cc(-c3cccs3)ccc12)C1CC1,CHEMBL661128,IC50,=,341.0,nM,6.47,CHEMBL301,P24941,Homo sapiens,,single protein format,ChEMBL,2026-10-06
138073,CHEMBL317657,O=C(Nc1n[nH]c2nc(-c3ccco3)c(Br)cc12)C1CCN(Cc2ccccc2)C1,CHEMBL661128,IC50,>,1000.0,nM,,CHEMBL301,P24941,Homo sapiens,,single protein format,ChEMBL,2026-10-06
139321,CHEMBL430854,CN(C)CC(O)COc1ccc(Nc2nccc(Nc3ccc(Cl)cc3)n2)cc1,CHEMBL660784,IC50,=,18000.0,nM,4.75,CHEMBL301,P24941,Homo sapiens,,single protein format,ChEMBL,2026-10-06
139323,CHEMBL101468,Cc1ccc(F)c(Nc2ccnc(Nc3ccc(OCC(O)CN(C)C)cc3)n2)c1,CHEMBL660784,IC50,=,2000.0,nM,5.70,CHEMBL301,P24941,Homo sapiens,,single protein format,ChEMBL,2026-10-06
139325,CHEMBL101810,CN(C)CC(O)COc1ccc(Nc2nccc(Nc3cc(C(F)(F)F)ccc3F)n2)cc1,CHEMBL660784,IC50,=,1000.0,nM,6.00,CHEMBL301,P24941,Homo sapiens,,single protein format,ChEMBL,2026-10-06
139327,CHEMBL101557,CN(C)CC(O)COc1ccc(Nc2cc(Nc3cc(C(F)(F)F)ccc3F)ncn2)cc1,CHEMBL660784,IC50,=,35000.0,nM,4.46,CHEMBL301,P24941,Homo sapiens,,single protein format,ChEMBL,2026-10-06
139329,CHEMBL280221,O=C(Nc1[nH]nc2cc(-c3ccccc3F)ccc12)C1CC1,CHEMBL661128,IC50,>,1000.0,nM,,CHEMBL301,P24941,Homo sapiens,,single protein format,ChEMBL,2026-10-06
141555,CHEMBL102047,CN(C)CC(O)COc1ccc(Nc2nccc(Nc3ccccc3)n2)cc1,CHEMBL660784,IC50,=,34000.0,nM,4.47,CHEMBL301,P24941,Homo sapiens,,single protein format,ChEMBL,2026-10-06
141557,CHEMBL419534,CN(C)CC(O)COc1ccc(Nc2ncc(Br)c(Nc3ccccc3)n2)cc1,CHEMBL660784,IC50,=,300.0,nM,6.52,CHEMBL301,P24941,Homo sapiens,,single protein format,ChEMBL,2026-10-06
141890,CHEMBL85015,CC(C)n1cnc2c(NCc3ccccc3)ncnc21,CHEMBL661130,IC50,=,4500.0,nM,5.35,CHEMBL301,P24941,Homo sapiens,,single protein format,ChEMBL,2026-10-06
141942,CHEMBL83719,CC(C)n1cnc2c(NC34CC5CC(CC(C5)C3)C4)nc(NCCCO)nc21,CHEMBL661130,IC50,>,100000.0,nM,,CHEMBL301,P24941,Homo sapiens,,single protein format,ChEMBL,2026-10-06
144059,CHEMBL318461,CN(C)CC(O)COc1ccc(Nc2cc(Nc3ccc(Cl)cc3)ncn2)cc1,CHEMBL660784,IC50,>,100000.0,nM,,CHEMBL301,P24941,Homo sapiens,,single protein format,ChEMBL,2026-10-06
144061,CHEMBL405145,O=C(Nc1n[nH]c2nc(-c3ccc(O)cc3)ccc12)C1CC1,CHEMBL661128,IC50,=,13.0,nM,7.89,CHEMBL301,P24941,Homo sapiens,,single protein format,ChEMBL,2026-10-06
219635,CHEMBL270054,NS(=O)(=O)c1ccc(N/N=C2\C(=O)Nc3ccc(Cl)cc32)cc1,CHEMBL660781,IC50,=,30.0,nM,7.52,CHEMBL301,P24941,Homo sapiens,,single protein format,ChEMBL,2026-10-06
316958,CHEMBL281872,COc1cc2c(Nc3ccc(Br)cc3F)ncnc2cc1OCCn1ccnn1,CHEMBL662524,IC50,>,10000.0,nM,,CHEMBL301,P24941,Homo sapiens,,single protein format,ChEMBL,2026-10-06
328360,CHEMBL533849,COc1cc2c(Nc3ccc(Br)cc3F)ncnc2cc1OCC1CCN(C)CC1.Cl,CHEMBL662525,IC50,>,20000.0,nM,,CHEMBL301,P24941,Homo sapiens,,assay format,ChEMBL,2026-10-06
347234,CHEMBL421583,Cc1ccc(N(CC#N)c2cc(Nc3ccc(OCC(O)CN(C)C)cc3)ncn2)c(Br)c1,CHEMBL660783,IC50,=,3000.0,nM,5.52,CHEMBL301,P24941,Homo sapiens,,single protein format,ChEMBL,2026-10-06
348501,CHEMBL317281,CN(C)CC(O)COc1ccc(Nc2cc(Nc3ccc(F)cc3F)ncn2)cc1,CHEMBL660783,IC50,=,93000.0,nM,4.03,CHEMBL301,P24941,Homo sapiens,,single protein format,ChEMBL,2026-10-06
349850,CHEMBL318485,CN(C)CC(O)COc1ccc(Nc2cc(Nc3ccccc3F)ncn2)cc1,CHEMBL660783,IC50,>,100000.0,nM,,CHEMBL301,P24941,Homo sapiens,,single protein format,ChEMBL,2026-10-06
351311,CHEMBL101119,CN(C)CC(O)COc1ccc(Nc2cc(N(CC#N)c3cc(Cl)ccc3Cl)ncn2)cc1,CHEMBL660783,IC50,=,1000.0,nM,6.00,CHEMBL301,P24941,Homo sapiens,,single protein format,ChEMBL,2026-10-06
355669,CHEMBL317378,CN(C)CC(O)COc1ccc(Nc2cc(N(CCC#N)c3cc(Cl)ccc3Cl)ncn2)cc1,CHEMBL660783,IC50,=,5000.0,nM,5.30,CHEMBL301,P24941,Homo sapiens,,single protein format,ChEMBL,2026-10-06
359968,CHEMBL418793,Cc1ccccc1Nc1cc(Nc2ccc(OCC(O)CN(C)C)cc2)ncn1,CHEMBL660783,IC50,=,39000.0,nM,4.41,CHEMBL301,P24941,Homo sapiens,,single protein format,ChEMBL,2026-10-06
359970,CHEMBL322640,CN(C)CC(O)COc1ccc(Nc2cc(Nc3cc(Cl)ccc3Cl)ncn2)cc1,CHEMBL660783,IC50,=,22000.0,nM,4.66,CHEMBL301,P24941,Homo sapiens,,single protein format,ChEMBL,2026-10-06
362404,CHEMBL101868,COc1ccccc1Nc1cc(Nc2ccc(OCC(O)CN(C)C)cc2)ncn1,CHEMBL660783,IC50,=,85000.0,nM,4.07,CHEMBL301,P24941,Homo sapiens,,single protein format,ChEMBL,2026-10-06
362406,CHEMBL316809,CN(C)CC(O)COc1ccc(Nc2cc(N(Cc3ccccc3)c3cc(Cl)ccc3Cl)ncn2)cc1,CHEMBL660783,IC50,>,100000.0,nM,,CHEMBL301,P24941,Homo sapiens,,single protein format,ChEMBL,2026-10-06
364054,CHEMBL100945,C#CCN(c1cc(Nc2ccc(OCC(O)CN(C)C)cc2)ncn1)c1cc(Cl)ccc1Cl,CHEMBL660783,IC50,=,19000.0,nM,4.72,CHEMBL301,P24941,Homo sapiens,,single protein format,ChEMBL,2026-10-06
369843,CHEMBL318188,CN(C)CC(O)COc1ccc(Nc2cc(Nc3ccccc3)ncn2)cc1,CHEMBL660783,IC50,>,100000.0,nM,,CHEMBL301,P24941,Homo sapiens,,single protein format,ChEMBL,2026-10-06
369845,CHEMBL100811,CN(C)CC(O)COc1ccc(Nc2cc(Nc3ccccc3Br)ncn2)cc1,CHEMBL660783,IC50,=,28000.0,nM,4.55,CHEMBL301,P24941,Homo sapiens,,single protein format,ChEMBL,2026-10-06
371187,CHEMBL101557,CN(C)CC(O)COc1ccc(Nc2cc(Nc3cc(C(F)(F)F)ccc3F)ncn2)cc1,CHEMBL660783,IC50,=,35000.0,nM,4.46,CHEMBL301,P24941,Homo sapiens,,single protein format,ChEMBL,2026-10-06
376828,CHEMBL99699,CC(C)c1ccccc1Nc1cc(Nc2ccc(OCC(O)CN(C)C)cc2)ncn1,CHEMBL660783,IC50,=,24000.0,nM,4.62,CHEMBL301,P24941,Homo sapiens,,single protein format,ChEMBL,2026-10-06
376830,CHEMBL101558,CN(C)CC(O)COc1ccc(Nc2cc(Nc3c(F)cccc3F)ncn2)cc1,CHEMBL660783,IC50,=,38000.0,nM,4.42,CHEMBL301,P24941,Homo sapiens,,single protein format,ChEMBL,2026-10-06
382514,CHEMBL99647,CN(C)CC(O)COc1ccc(Nc2cc(Nc3ccccc3Cl)ncn2)cc1,CHEMBL660783,IC50,=,95000.0,nM,4.02,CHEMBL301,P24941,Homo sapiens,,single protein format,ChEMBL,2026-10-06
385348,CHEMBL316887,CN(C)CC(O)COc1ccc(Nc2cc(Nc3ccccc3[N+](=O)[O-])ncn2)cc1,CHEMBL660783,IC50,=,25000.0,nM,4.60,CHEMBL301,P24941,Homo sapiens,,single protein format,ChEMBL,2026-10-06
392929,CHEMBL405042,C/C(Nc1ccc(S(N)(=O)=O)cc1)=C1/C(=O)Nc2ccccc21,CHEMBL661124,IC50,=,360.0,nM,6.44,CHEMBL301,P24941,Homo sapiens,,single protein format,ChEMBL,2026-10-06
393977,CHEMBL48362,CN1CCC(c2c(O)cc(O)c3c2O/C(=C\c2ccc(S(N)(=O)=O)cc2)C3=O)CC1,CHEMBL661124,IC50,=,30.0,nM,7.52,CHEMBL301,P24941,Homo sapiens,,single protein format,ChEMBL,2026-10-06
396725,CHEMBL271822,COc1ccc2c(c1Cl)/C(=N/Nc1ccc(S(N)(=O)=O)cc1)C(=O)N2,CHEMBL661124,IC50,=,54.0,nM,7.27,CHEMBL301,P24941,Homo sapiens,,single protein format,ChEMBL,2026-10-06
396726,CHEMBL85450,COc1ccc2[nH]c(O)c(/N=N/c3ccccc3)c2c1,CHEMBL661124,IC50,>,10000.0,nM,,CHEMBL301,P24941,Homo sapiens,,single protein format,ChEMBL,2026-10-06
397929,CHEMBL1276446,O=C1Nc2ccc3ncsc3c2/C1=C/Nc1ccc(S(=O)(=O)Nc2ccccn2)cc1,CHEMBL661124,IC50,=,9.7,nM,8.01,CHEMBL301,P24941,Homo sapiens,,single protein format,ChEMBL,2026-10-06
401866,CHEMBL87527,Oc1[nH]c2ccccc2c1/N=N/c1ccccc1,CHEMBL661124,IC50,>,10000.0,nM,,CHEMBL301,P24941,Homo sapiens,,single protein format,ChEMBL,2026-10-06
403352,CHEMBL314877,Oc1[nH]c2ccc(Br)cc2c1/N=N/c1ccccc1,CHEMBL661124,IC50,>,10000.0,nM,,CHEMBL301,P24941,Homo sapiens,,single protein format,ChEMBL,2026-10-06
403353,CHEMBL45477,CN1CCC(c2c(O)cc(O)c3c2O/C(=C\c2ccc([N+](=O)[O-])cc2)C3=O)CC1,CHEMBL661124,IC50,=,310.0,nM,6.51,CHEMBL301,P24941,Homo sapiens,,single protein format,ChEMBL,2026-10-06
409663,CHEMBL1964242,O=C1Nc2ccc3ncsc3c2/C1=C/Nc1ccc(S(=O)(=O)NCc2ccccc2)cc1,CHEMBL661124,IC50,=,5.6,nM,8.25,CHEMBL301,P24941,Homo sapiens,,single protein format,ChEMBL,2026-10-06
413330,CHEMBL1964246,O=C1Nc2ccc3ncsc3c2/C1=C/Nc1ccc(S(=O)(=O)NCCO)cc1,CHEMBL661124,IC50,=,4.7,nM,8.33,CHEMBL301,P24941,Homo sapiens,,single protein format,ChEMBL,2026-10-06
415797,CHEMBL412097,C/C(Nc1ccc(S(N)(=O)=O)cc1)=C1/C(=O)Nc2ccc(Cl)cc21,CHEMBL661124,IC50,=,22.0,nM,7.66,CHEMBL301,P24941,Homo sapiens,,single protein format,ChEMBL,2026-10-06
415798,CHEMBL409731,COC(=O)c1ccc2c(c1)/C(=C/Nc1ccc(S(N)(=O)=O)cc1)C(=O)N2,CHEMBL661124,IC50,=,2.1,nM,8.68,CHEMBL301,P24941,Homo sapiens,,single protein format,ChEMBL,2026-10-06
417000,CHEMBL1964247,CN(C)S(=O)(=O)c1ccc(N/C=C2\C(=O)Nc3ccc4ncsc4c32)cc1,CHEMBL661124,IC50,=,4.6,nM,8.34,CHEMBL301,P24941,Homo sapiens,,single protein format,ChEMBL,2026-10-06
419247,CHEMBL272414,CN(C)c1ccc2c(c1)/C(=C/Nc1ccc(S(N)(=O)=O)cc1)C(=O)N2,CHEMBL661124,IC50,=,310.0,nM,6.51,CHEMBL301,P24941,Homo sapiens,,single protein format,ChEMBL,2026-10-06
419248,CHEMBL51709,CN1CCC(c2c(O)cc(O)c3c2O/C(=C\c2ccccc2)C3=O)CC1,CHEMBL661124,IC50,=,1280.0,nM,5.89,CHEMBL301,P24941,Homo sapiens,,single protein format,ChEMBL,2026-10-06
420589,CHEMBL411490,Cc1ccc2c(c1Cl)/C(=N/Nc1ccc(S(N)(=O)=O)cc1)C(=O)N2,CHEMBL661124,IC50,=,13.0,nM,7.89,CHEMBL301,P24941,Homo sapiens,,single protein format,ChEMBL,2026-10-06
422105,CHEMBL408131,Cc1cccc2c1NC(=O)/C2=C\Nc1ccc(S(N)(=O)=O)cc1,CHEMBL661124,IC50,>,10000.0,nM,,CHEMBL301,P24941,Homo sapiens,,single protein format,ChEMBL,2026-10-06
422106,CHEMBL410517,Cc1cc(Cl)cc2c1NC(=O)/C2=C\Nc1ccc(S(N)(=O)=O)cc1,CHEMBL661124,IC50,>,10000.0,nM,,CHEMBL301,P24941,Homo sapiens,,single protein format,ChEMBL,2026-10-06
422107,CHEMBL1964245,CNS(=O)(=O)c1ccc(N/C=C2\C(=O)Nc3ccc4ncsc4c32)cc1,CHEMBL661124,IC50,=,5.6,nM,8.25,CHEMBL301,P24941,Homo sapiens,,single protein format,ChEMBL,2026-10-06
422108,CHEMBL1964244,O=C1Nc2ccc3ncsc3c2/C1=C/Nc1ccc(S(=O)(=O)Nc2ccccc2)cc1,CHEMBL661124,IC50,=,4.3,nM,8.37,CHEMBL301,P24941,Homo sapiens,,single protein format,ChEMBL,2026-10-06
423435,CHEMBL410293,NS(=O)(=O)c1ccc(N/C=C2\C(=O)Nc3cc(CO)ccc32)cc1,CHEMBL661124,IC50,=,61.0,nM,7.21,CHEMBL301,P24941,Homo sapiens,,single protein format,ChEMBL,2026-10-06
423436,CHEMBL1794055,NS(=O)(=O)c1ccc(NC=C2C(=O)Nc3ccc4ncsc4c32)cc1,CHEMBL661124,IC50,=,2.8,nM,8.55,CHEMBL301,P24941,Homo sapiens,,single protein format,ChEMBL,2026-10-06
424602,CHEMBL271137,NS(=O)(=O)c1ccc(N/C=C2\C(=O)Nc3cccc(CO)c32)cc1,CHEMBL661124,IC50,=,54.0,nM,7.27,CHEMBL301,P24941,Homo sapiens,,single protein format,ChEMBL,2026-10-06
425833,CHEMBL272667,Cc1c([N+](=O)[O-])ccc2c1/C(=N/Nc1ccc(S(N)(=O)=O)cc1)C(=O)N2,CHEMBL661124,IC50,=,4.6,nM,8.34,CHEMBL301,P24941,Homo sapiens,,single protein format,ChEMBL,2026-10-06
425834,CHEMBL269850,NS(=O)(=O)c1ccc(N/C=C2\C(=O)Nc3ccccc32)cc1,CHEMBL661124,IC50,=,690.0,nM,6.16,CHEMBL301,P24941,Homo sapiens,,single protein format,ChEMBL,2026-10-06
425835,CHEMBL48614,CN1CCC(c2c(O)cc(O)c3c2O/C(=C\c2ccccc2Cl)C3=O)CC1,CHEMBL661124,IC50,=,3970.0,nM,5.40,CHEMBL301,P24941,Homo sapiens,,single protein format,ChEMBL,2026-10-06
428490,CHEMBL1964243,CC(=O)NS(=O)(=O)c1ccc(N/C=C2\C(=O)Nc3ccc4ncsc4c32)cc1,CHEMBL661124,IC50,=,75.0,nM,7.12,CHEMBL301,P24941,Homo sapiens,,single protein format,ChEMBL,2026-10-06
473994,CHEMBL58466,O=C1Nc2cccc(C3CCNCC3)c2/C1=C/c1[nH]cc2c1CCNC2=O,CHEMBL660704,IC50,=,49.0,nM,7.31,CHEMBL301,P24941,Homo sapiens,,single protein format,ChEMBL,2026-10-06
473999,CHEMBL82020,CC(=O)OCCCOc1cc(-c2ccc[nH]2)c2c3c(ccc(F)c13)NC2=O,CHEMBL658939,IC50,>,1000.0,nM,,CHEMBL301,P24941,Homo sapiens,,single protein format,ChEMBL,2026-10-06
474436,CHEMBL272389,CS(=O)(=O)c1ccc2c(c1)/C(=N/Nc1ccc(S(N)(=O)=O)cc1)C(=O)N2,CHEMBL661123,IC50,=,16.0,nM,7.80,CHEMBL301,P24941,Homo sapiens,,single protein format,ChEMBL,2026-10-06
475051,CHEMBL300767,COc1ccc2c(c1)/C(=C/c1[nH]cc3c1CCOC3=O)C(=O)N2,CHEMBL660704,IC50,=,40.0,nM,7.40,CHEMBL301,P24941,Homo sapiens,,single protein format,ChEMBL,2026-10-06
476183,CHEMBL57325,O=C1Nc2cc(-c3ccccc3)ccc2/C1=C/c1[nH]cc2c1CCNC2=O,CHEMBL660704,IC50,=,5700.0,nM,5.24,CHEMBL301,P24941,Homo sapiens,,single protein format,ChEMBL,2026-10-06
477355,CHEMBL432491,NS(=O)(=O)c1ccc2c(c1)/C(=C/c1[nH]cc3c1CCOC3=O)C(=O)N2,CHEMBL660704,IC50,=,12.0,nM,7.92,CHEMBL301,P24941,Homo sapiens,,single protein format,ChEMBL,2026-10-06
477367,CHEMBL312273,CC(=O)NCCNc1cc(-c2ccc[nH]2)c2c3c(ccc(F)c13)NC2=O,CHEMBL658939,IC50,=,127.0,nM,6.90,CHEMBL301,P24941,Homo sapiens,,single protein format,ChEMBL,2026-10-06
477907,CHEMBL411865,NS(=O)(=O)c1ccc(N/N=C2\C(=O)Nc3cccc(CCc4ccc(O)cc4)c32)cc1,CHEMBL661123,IC50,=,12.0,nM,7.92,CHEMBL301,P24941,Homo sapiens,,single protein format,ChEMBL,2026-10-06
477908,CHEMBL272684,NS(=O)(=O)c1ccc(N/N=C2\C(=O)Nc3cccc(-c4cc[nH]n4)c32)cc1,CHEMBL661123,IC50,=,19.0,nM,7.72,CHEMBL301,P24941,Homo sapiens,,single protein format,ChEMBL,2026-10-06
477909,CHEMBL269827,NS(=O)(=O)c1ccc(N/N=C2\C(=O)Nc3ccc(-c4cnco4)cc32)cc1,CHEMBL661123,IC50,=,2.3,nM,8.64,CHEMBL301,P24941,Homo sapiens,,single protein format,ChEMBL,2026-10-06
478714,CHEMBL60541,CNS(=O)(=O)c1ccc2c(c1)/C(=C/c1[nH]cc3c1CCOC3=O)C(=O)N2,CHEMBL660704,IC50,=,4.0,nM,8.40,CHEMBL301,P24941,Homo sapiens,,single protein format,ChEMBL,2026-10-06
479851,CHEMBL311992,NCCOc1cc(-c2ccc[nH]2)c2c3c(ccc(F)c13)NC2=O,CHEMBL658939,IC50,=,12.0,nM,7.92,CHEMBL301,P24941,Homo sapiens,,single protein format,ChEMBL,2026-10-06
479855,CHEMBL82603,Cc1cc(-c2ccc[nH]2)c2c3c(ccc(F)c13)NC2=O,CHEMBL658939,IC50,=,376.0,nM,6.42,CHEMBL301,P24941,Homo sapiens,,single protein format,ChEMBL,2026-10-06
480500,CHEMBL410883,NC(=O)c1ccc2c(c1)/C(=N/Nc1ccc(S(N)(=O)=O)cc1)C(=O)N2,CHEMBL661123,IC50,=,4.5,nM,8.35,CHEMBL301,P24941,Homo sapiens,,single protein format,ChEMBL,2026-10-06
481190,CHEMBL294884,CNS(=O)(=O)c1ccc2c(c1)/C(=C/c1[nH]cc3c1CCNC3=O)C(=O)N2,CHEMBL660704,IC50,=,9.0,nM,8.05,CHEMBL301,P24941,Homo sapiens,,single protein format,ChEMBL,2026-10-06
481774,CHEMBL409619,NS(=O)(=O)c1ccc(N/N=C2\C(=O)Nc3cccc([N+](=O)[O-])c32)cc1,CHEMBL661123,IC50,=,2400.0,nM,5.62,CHEMBL301,P24941,Homo sapiens,,single protein format,ChEMBL,2026-10-06
481775,CHEMBL272165,NS(=O)(=O)c1ccc(N/N=C2\C(=O)Nc3ccc(C(=O)NCc4ccncc4)cc32)cc1,CHEMBL661123,IC50,=,8.9,nM,8.05,CHEMBL301,P24941,Homo sapiens,,single protein format,ChEMBL,2026-10-06
482438,CHEMBL418301,O=C1Nc2cc(-c3ccccc3)ccc2/C1=C/c1[nH]cc2c1CCOC2=O,CHEMBL660704,IC50,>,10000.0,nM,,CHEMBL301,P24941,Homo sapiens,,single protein format,ChEMBL,2026-10-06
483021,CHEMBL409690,NS(=O)(=O)c1ccc(N/N=C2\C(=O)Nc3ccc(O)cc32)cc1,CHEMBL661123,IC50,=,10.0,nM,8.00,CHEMBL301,P24941,Homo sapiens,,single protein format,ChEMBL,2026-10-06
483671,CHEMBL301639,O=C1Nc2ccc(Cl)cc2/C1=C/c1[nH]cc2c1CCOC2=O,CHEMBL660704,IC50,=,88.0,nM,7.06,CHEMBL301,P24941,Homo sapiens,,single protein format,ChEMBL,2026-10-06
483679,CHEMBL79364,O=C1Nc2ccc(F)c3c(OCCCO)cc(-c4ccc[nH]4)c1c23,CHEMBL658939,IC50,=,18.0,nM,7.75,CHEMBL301,P24941,Homo sapiens,,single protein format,ChEMBL,2026-10-06
484889,CHEMBL83775,COc1cc(-c2ccc[nH]2)c2c3c(ccc(F)c13)NC2=O,CHEMBL658939,IC50,=,18.0,nM,7.75,CHEMBL301,P24941,Homo sapiens,,single protein format,ChEMBL,2026-10-06
484893,CHEMBL83443,CC(C)Cc1cc(-c2ccc[nH]2)c2c3c(ccc(F)c13)NC2=O,CHEMBL658939,IC50,=,124.0,nM,6.91,CHEMBL301,P24941,Homo sapiens,,single protein format,ChEMBL,2026-10-06
485371,CHEMBL270054,NS(=O)(=O)c1ccc(N/N=C2\C(=O)Nc3ccc(Cl)cc32)cc1,CHEMBL661123,IC50,=,43.0,nM,7.37,CHEMBL301,P24941,Homo sapiens,,single protein format,ChEMBL,2026-10-06
485990,CHEMBL83499,O=C1Nc2ccc(F)c3c(NCCO)cc(-c4ccc[nH]4)c1c23,CHEMBL658939,IC50,=,54.0,nM,7.27,CHEMBL301,P24941,Homo sapiens,,single protein format,ChEMBL,2026-10-06
485994,CHEMBL84284,CC(C)(C)OC(=O)NCCNc1cc(-c2ccc[nH]2)c2c3c(ccc(F)c13)NC2=O,CHEMBL658939,IC50,=,5500.0,nM,5.26,CHEMBL301,P24941,Homo sapiens,,single protein format,ChEMBL,2026-10-06
485995,CHEMBL311464,NCCSc1cc(-c2ccc[nH]2)c2c3c(ccc(F)c13)NC2=O,CHEMBL658939,IC50,=,3.0,nM,8.52,CHEMBL301,P24941,Homo sapiens,,single protein format,ChEMBL,2026-10-06
486493,CHEMBL271843,Cc1ccc2c(c1)/C(=N/Nc1ccc(S(N)(=O)=O)cc1)C(=O)N2,CHEMBL661123,IC50,=,46.0,nM,7.34,CHEMBL301,P24941,Homo sapiens,,single protein format,ChEMBL,2026-10-06
487120,CHEMBL58224,O=C1Nc2cccc(C3CCNCC3)c2/C1=C/c1[nH]cc2c1CCOC2=O,CHEMBL660704,IC50,=,9.0,nM,8.05,CHEMBL301,P24941,Homo sapiens,,single protein format,ChEMBL,2026-10-06
487128,CHEMBL84347,CCN(CC)CCNc1cc(-c2ccc[nH]2)c2c3c(ccc(F)c13)NC2=O,CHEMBL658939,IC50,=,294.0,nM,6.53,CHEMBL301,P24941,Homo sapiens,,single protein format,ChEMBL,2026-10-06
487129,CHEMBL82251,CCc1cc(-c2ccc[nH]2)c2c3c(ccc(F)c13)NC2=O,CHEMBL658939,IC50,=,72.0,nM,7.14,CHEMBL301,P24941,Homo sapiens,,single protein format,ChEMBL,2026-10-06
487781,CHEMBL411491,NS(=O)(=O)c1ccc(N/N=C2\C(=O)Nc3ccc(Br)cc32)cc1,CHEMBL661123,IC50,=,60.0,nM,7.22,CHEMBL301,P24941,Homo sapiens,,single protein format,ChEMBL,2026-10-06
488356,CHEMBL83369,O=C1Nc2ccc(F)c3c(SCCO)cc(-c4ccc[nH]4)c1c23,CHEMBL658939,IC50,=,14.0,nM,7.85,CHEMBL301,P24941,Homo sapiens,,single protein format,ChEMBL,2026-10-06
489442,CHEMBL79498,O=C1Nc2ccc(F)c3c(S[C@H]4CCNC4)cc(-c4ccc[nH]4)c1c23,CHEMBL658939,IC50,=,5.0,nM,8.30,CHEMBL301,P24941,Homo sapiens,,single protein format,ChEMBL,2026-10-06
490037,CHEMBL271160,CC(C)Oc1cccc2c1/C(=N/Nc1ccc(S(N)(=O)=O)cc1)C(=O)N2,CHEMBL661123,IC50,=,3.4,nM,8.47,CHEMBL301,P24941,Homo sapiens,,single protein format,ChEMBL,2026-10-06
490038,CHEMBL272387,NS(=O)(=O)c1ccc(N/N=C2\C(=O)Nc3ccc(S(N)(=O)=O)cc32)cc1,CHEMBL661123,IC50,=,43.0,nM,7.37,CHEMBL301,P24941,Homo sapiens,,single protein format,ChEMBL,2026-10-06
490678,CHEMBL79356,NCC[S+]([O-])c1cc(-c2ccc[nH]2)c2c3c(ccc(F)c13)NC2=O,CHEMBL658939,IC50,=,28.0,nM,7.55,CHEMBL301,P24941,Homo sapiens,,single protein format,ChEMBL,2026-10-06
490682,CHEMBL309767,NCCS(=O)(=O)c1cc(-c2ccc[nH]2)c2c3c(ccc(F)c13)NC2=O,CHEMBL658939,IC50,=,23.0,nM,7.64,CHEMBL301,P24941,Homo sapiens,,single protein format,ChEMBL,2026-10-06
491906,CHEMBL58139,CN(C)S(=O)(=O)c1ccc2c(c1)/C(=C/c1[nH]cc3c1CCNC3=O)C(=O)N2,CHEMBL660704,IC50,=,68.0,nM,7.17,CHEMBL301,P24941,Homo sapiens,,single protein format,ChEMBL,2026-10-06
492435,CHEMBL270544,CC(C)=Cc1cccc2c1/C(=N/Nc1ccc(S(N)(=O)=O)cc1)C(=O)N2,CHEMBL661123,IC50,=,1.5,nM,8.82,CHEMBL301,P24941,Homo sapiens,,single protein format,ChEMBL,2026-10-06
493112,CHEMBL258805,COc1ccc2c(c1)/C(=C/c1cnc[nH]1)C(=O)N2,CHEMBL660704,IC50,=,110.0,nM,6.96,CHEMBL301,P24941,Homo sapiens,,single protein format,ChEMBL,2026-10-06
493116,CHEMBL415471,N#CCCc1cc(-c2ccc[nH]2)c2c3c(ccc(F)c13)NC2=O,CHEMBL658939,IC50,=,5.0,nM,8.30,CHEMBL301,P24941,Homo sapiens,,single protein format,ChEMBL,2026-10-06
493643,CHEMBL273060,NS(=O)(=O)c1ccc(N/N=C2\C(=O)Nc3ccc(I)cc32)cc1,CHEMBL661123,IC50,=,11.0,nM,7.96,CHEMBL301,P24941,Homo sapiens,,single protein format,ChEMBL,2026-10-06
494216,CHEMBL57446,Cc1cccc2c1/C(=C/c1[nH]cc3c1CCOC3=O)C(=O)N2,CHEMBL660704,IC50,=,270.0,nM,6.57,CHEMBL301,P24941,Homo sapiens,,single protein format,ChEMBL,2026-10-06
494220,CHEMBL59073,COc1ccc2c(c1)NC(=O)/C2=C\c1[nH]cc2c1CCOC2=O,CHEMBL660704,IC50,=,1500.0,nM,5.82,CHEMBL301,P24941,Homo sapiens,,single protein format,ChEMBL,2026-10-06
494224,CHEMBL82767,NCCNc1cc(-c2ccc[nH]2)c2c3c(ccc(F)c13)NC2=O,CHEMBL658939,IC50,=,12.0,nM,7.92,CHEMBL301,P24941,Homo sapiens,,single protein format,ChEMBL,2026-10-06
495853,CHEMBL438721,NS(=O)(=O)c1ccc(N/N=C2\C(=O)Nc3ccccc32)cc1,CHEMBL661123,IC50,=,120.0,nM,6.92,CHEMBL301,P24941,Homo sapiens,,single protein format,ChEMBL,2026-10-06
495854,CHEMBL271778,NC(=O)c1cccc2c1/C(=N/Nc1ccc(S(N)(=O)=O)cc1)C(=O)N2,CHEMBL661123,IC50,>,1000.0,nM,,CHEMBL301,P24941,Homo sapiens,,single protein format,ChEMBL,2026-10-06
496460,CHEMBL293068,O=C1Nc2ccc(C(=O)O)cc2/C1=C/c1[nH]cc2c1CCOC2=O,CHEMBL660704,IC50,=,4.0,nM,8.40,CHEMBL301,P24941,Homo sapiens,,single protein format,ChEMBL,2026-10-06
496464,CHEMBL292864,O=C1Nc2ccc(Br)cc2/C1=C/c1[nH]cc2c1CCOC2=O,CHEMBL660704,IC50,=,190.0,nM,6.72,CHEMBL301,P24941,Homo sapiens,,single protein format,ChEMBL,2026-10-06
496924,CHEMBL314397,NS(=O)(=O)c1ccc(/N=N/c2c(O)[nH]c3cccc(I)c23)cc1,CHEMBL661123,IC50,=,4.6,nM,8.34,CHEMBL301,P24941,Homo sapiens,,single protein format,ChEMBL,2026-10-06
496925,CHEMBL411426,CC(C)c1cccc2c1/C(=N/Nc1ccc(S(N)(=O)=O)cc1)C(=O)N2,CHEMBL661123,IC50,=,2.5,nM,8.60,CHEMBL301,P24941,Homo sapiens,,single protein format,ChEMBL,2026-10-06
496926,CHEMBL271842,Nc1ccc2c(c1)/C(=N/Nc1ccc(S(N)(=O)=O)cc1)C(=O)N2,CHEMBL661123,IC50,=,74.0,nM,7.13,CHEMBL301,P24941,Homo sapiens,,single protein format,ChEMBL,2026-10-06
498088,CHEMBL1794054,NS(=O)(=O)c1ccc(N/N=C2\C(=O)Nc3cccc(CCc4ccncc4)c32)cc1,CHEMBL661123,IC50,=,21.0,nM,7.68,CHEMBL301,P24941,Homo sapiens,,single protein format,ChEMBL,2026-10-06
498089,CHEMBL271183,NS(=O)(=O)c1ccc(N/N=C2\C(=O)Nc3cc(Br)ccc32)cc1,CHEMBL661123,IC50,=,43.0,nM,7.37,CHEMBL301,P24941,Homo sapiens,,single protein format,ChEMBL,2026-10-06
499344,CHEMBL273061,NS(=O)(=O)c1ccc(N/N=C2\C(=O)Nc3ccc(F)cc32)cc1,CHEMBL661123,IC50,=,34.0,nM,7.47,CHEMBL301,P24941,Homo sapiens,,single protein format,ChEMBL,2026-10-06
499345,CHEMBL409868,CN(C)C(=O)c1ccc2c(c1)/C(=N/Nc1ccc(S(N)(=O)=O)cc1)C(=O)N2,CHEMBL661123,IC50,=,17.0,nM,7.77,CHEMBL301,P24941,Homo sapiens,,single protein format,ChEMBL,2026-10-06
500036,CHEMBL417228,COc1ccc2c(c1)/C(=C/c1[nH]cc3c1CCNC3=O)C(=O)N2,CHEMBL660704,IC50,=,250.0,nM,6.60,CHEMBL301,P24941,Homo sapiens,,single protein format,ChEMBL,2026-10-06
500045,CHEMBL312018,O=C1Nc2ccc(F)c3ccc(-c4ccc[nH]4)c1c23,CHEMBL658939,IC50,=,204.0,nM,6.69,CHEMBL301,P24941,Homo sapiens,,single protein format,ChEMBL,2026-10-06
500049,CHEMBL312726,NCCCc1cc(-c2ccc[nH]2)c2c3c(ccc(F)c13)NC2=O,CHEMBL658939,IC50,=,7.0,nM,8.15,CHEMBL301,P24941,Homo sapiens,,single protein format,ChEMBL,2026-10-06
501313,CHEMBL299032,CC(C)NS(=O)(=O)c1ccc2c(c1)/C(=C/c1[nH]cc3c1CCOC3=O)C(=O)N2,CHEMBL660704,IC50,=,64.0,nM,7.19,CHEMBL301,P24941,Homo sapiens,,single protein format,ChEMBL,2026-10-06
501317,CHEMBL310755,CCOc1cc(-c2ccc[nH]2)c2c3c(ccc(F)c13)NC2=O,CHEMBL658939,IC50,=,77.0,nM,7.11,CHEMBL301,P24941,Homo sapiens,,single protein format,ChEMBL,2026-10-06
501318,CHEMBL79848,O=C1Nc2ccc(F)c3c(OCCO)cc(-c4ccc[nH]4)c1c23,CHEMBL658939,IC50,=,62.0,nM,7.21,CHEMBL301,P24941,Homo sapiens,,single protein format,ChEMBL,2026-10-06
503204,CHEMBL411696,CCOc1cccc2c1/C(=N/Nc1ccc(S(N)(=O)=O)cc1)C(=O)N2,CHEMBL661123,IC50,=,93.0,nM,7.03,CHEMBL301,P24941,Homo sapiens,,single protein format,ChEMBL,2026-10-06
503205,CHEMBL271953,NS(=O)(=O)c1ccc(N/N=C2\C(=O)Nc3ccc(C(=O)NCc4cccnc4)cc32)cc1,CHEMBL661123,IC50,=,2.1,nM,8.68,CHEMBL301,P24941,Homo sapiens,,single protein format,ChEMBL,2026-10-06
503827,CHEMBL442186,O=C1Nc2ccc(F)c3c(SC[C@@H]4CCCN4)cc(-c4ccc[nH]4)c1c23,CHEMBL658939,IC50,=,18.0,nM,7.75,CHEMBL301,P24941,Homo sapiens,,single protein format,ChEMBL,2026-10-06
504291,CHEMBL411425,CCc1cccc2c1/C(=N/Nc1ccc(S(N)(=O)=O)cc1)C(=O)N2,CHEMBL661123,IC50,=,7.9,nM,8.10,CHEMBL301,P24941,Homo sapiens,,single protein format,ChEMBL,2026-10-06
504933,CHEMBL60990,O=C1Nc2ccc(C(=O)O)cc2/C1=C/c1[nH]cc2c1CCNC2=O,CHEMBL660704,IC50,=,68.0,nM,7.17,CHEMBL301,P24941,Homo sapiens,,single protein format,ChEMBL,2026-10-06
505586,CHEMBL411224,CC(C)Cc1cccc2c1/C(=N/Nc1ccc(S(N)(=O)=O)cc1)C(=O)N2,CHEMBL661123,IC50,=,1.2,nM,8.92,CHEMBL301,P24941,Homo sapiens,,single protein format,ChEMBL,2026-10-06
505587,CHEMBL271594,CC(C)c1ccc2c(c1)NC(=O)/C2=N/Nc1ccc(S(N)(=O)=O)cc1,CHEMBL661123,IC50,=,75.0,nM,7.12,CHEMBL301,P24941,Homo sapiens,,single protein format,ChEMBL,2026-10-06
506105,CHEMBL57256,CN(C)S(=O)(=O)c1ccc2c(c1)/C(=C/c1[nH]cc3c1CCOC3=O)C(=O)N2,CHEMBL660704,IC50,=,33.0,nM,7.48,CHEMBL301,P24941,Homo sapiens,,single protein format,ChEMBL,2026-10-06
506109,CHEMBL57639,O=C1Nc2ccc(Br)cc2/C1=C/c1[nH]cc2c1CCNC2=O,CHEMBL660704,IC50,=,530.0,nM,6.28,CHEMBL301,P24941,Homo sapiens,,single protein format,ChEMBL,2026-10-06
506110,CHEMBL310529,O=C1Nc2ccc(F)c3c(S(=O)(=O)CCO)cc(-c4ccc[nH]4)c1c23,CHEMBL658939,IC50,=,15.0,nM,7.82,CHEMBL301,P24941,Homo sapiens,,single protein format,ChEMBL,2026-10-06
506161,CHEMBL21156,CC(C)(C)c1nc2c3ccc(F)cc3c3c(=O)[nH]ccc3c2[nH]1,CHEMBL665069,IC50,=,3300.0,nM,5.48,CHEMBL301,P24941,Homo sapiens,,single protein format,ChEMBL,2026-10-06
506665,CHEMBL271182,CCc1ccc2c(c1)NC(=O)/C2=N\Nc1ccc(S(N)(=O)=O)cc1,CHEMBL661123,IC50,=,21.0,nM,7.68,CHEMBL301,P24941,Homo sapiens,,single protein format,ChEMBL,2026-10-06
507370,CHEMBL58483,O=C1Nc2cccc(CCO)c2/C1=C/c1[nH]cc2c1CCOC2=O,CHEMBL660704,IC50,=,30.0,nM,7.52,CHEMBL301,P24941,Homo sapiens,,single protein format,ChEMBL,2026-10-06
508708,CHEMBL445607,O=C1Nc2cccc(CCO)c2/C1=C/c1[nH]cc2c1CCNC2=O,CHEMBL660704,IC50,=,340.0,nM,6.47,CHEMBL301,P24941,Homo sapiens,,single protein format,ChEMBL,2026-10-06
509192,CHEMBL409104,NS(=O)(=O)c1ccc(N/N=C2\C(=O)Nc3cccc(Oc4ccccc4)c32)cc1,CHEMBL661123,IC50,=,13.0,nM,7.89,CHEMBL301,P24941,Homo sapiens,,single protein format,ChEMBL,2026-10-06
509905,CHEMBL81196,NCCCNc1cc(-c2ccc[nH]2)c2c3c(ccc(F)c13)NC2=O,CHEMBL658939,IC50,=,48.0,nM,7.32,CHEMBL301,P24941,Homo sapiens,,single protein format,ChEMBL,2026-10-06
509909,CHEMBL82768,CC(C)(N)CNc1cc(-c2ccc[nH]2)c2c3c(ccc(F)c13)NC2=O,CHEMBL658939,IC50,=,65.0,nM,7.19,CHEMBL301,P24941,Homo sapiens,,single protein format,ChEMBL,2026-10-06
510434,CHEMBL411886,NS(=O)(=O)c1ccc(N/N=C2\C(=O)Nc3ccc([N+](=O)[O-])cc32)cc1,CHEMBL661123,IC50,=,15.0,nM,7.82,CHEMBL301,P24941,Homo sapiens,,single protein format,ChEMBL,2026-10-06
510998,CHEMBL59110,O=C1Nc2ccc(F)cc2/C1=C/c1[nH]cc2c1CCOC2=O,CHEMBL660704,IC50,=,82.0,nM,7.09,CHEMBL301,P24941,Homo sapiens,,single protein format,ChEMBL,2026-10-06
511002,CHEMBL293113,O=C1Nc2ccc(F)cc2/C1=C/c1[nH]cc2c1CCNC2=O,CHEMBL660704,IC50,=,300.0,nM,6.52,CHEMBL301,P24941,Homo sapiens,,single protein format,ChEMBL,2026-10-06
511500,CHEMBL260103,COc1ccc2c(c1)/C(=N/Nc1ccc(S(N)(=O)=O)cc1)C(=O)N2,CHEMBL661123,IC50,=,12.0,nM,7.92,CHEMBL301,P24941,Homo sapiens,,single protein format,ChEMBL,2026-10-06
511501,CHEMBL272885,NS(=O)(=O)c1ccc(N/N=C2\C(=O)Nc3cc(Oc4ccccc4)ccc32)cc1,CHEMBL661123,IC50,>,10000.0,nM,,CHEMBL301,P24941,Homo sapiens,,single protein format,ChEMBL,2026-10-06
512202,CHEMBL131577,Cc1cccc(Cl)c1NC(=O)c1cnc(NC(=O)C2CC2)s1,CHEMBL660706,IC50,>,25000.0,nM,,CHEMBL301,P24941,Homo sapiens,,single protein format,ChEMBL,2026-10-06
515460,CHEMBL48614,CN1CCC(c2c(O)cc(O)c3c2O/C(=C\c2ccccc2Cl)C3=O)CC1,CHEMBL658935,IC50,=,3970.0,nM,5.40,CHEMBL301,P24941,Homo sapiens,,single protein format,ChEMBL,2026-10-06
516668,CHEMBL418203,CN1CCC(c2c(O)cc(O)c3c(=O)cc(-c4ccccc4Cl)oc23)[C@@H](O)C1,CHEMBL658935,IC50,=,220.0,nM,6.66,CHEMBL301,P24941,Homo sapiens,,single protein format,ChEMBL,2026-10-06
541706,CHEMBL48362,CN1CCC(c2c(O)cc(O)c3c2O/C(=C\c2ccc(S(N)(=O)=O)cc2)C3=O)CC1,CHEMBL658935,IC50,=,30.0,nM,7.52,CHEMBL301,P24941,Homo sapiens,,single protein format,ChEMBL,2026-10-06
549303,CHEMBL46181,CN1CCC(c2c(O)cc(O)c3c2O/C(=C\c2ccc(N4CCN(C)CC4)cc2)C3=O)CC1,CHEMBL658935,IC50,=,2980.0,nM,5.53,CHEMBL301,P24941,Homo sapiens,,single protein format,ChEMBL,2026-10-06
551663,CHEMBL51709,CN1CCC(c2c(O)cc(O)c3c2O/C(=C\c2ccccc2)C3=O)CC1,CHEMBL658935,IC50,=,1280.0,nM,5.89,CHEMBL301,P24941,Homo sapiens,,single protein format,ChEMBL,2026-10-06
553005,CHEMBL45477,CN1CCC(c2c(O)cc(O)c3c2O/C(=C\c2ccc([N+](=O)[O-])cc2)C3=O)CC1,CHEMBL658935,IC50,=,310.0,nM,6.51,CHEMBL301,P24941,Homo sapiens,,single protein format,ChEMBL,2026-10-06
553321,CHEMBL308853,CNS(=O)(=O)c1ccc(Nc2nccc(-c3cnc4ccccn34)n2)cc1,CHEMBL660785,IC50,<,3.0,nM,,CHEMBL301,P24941,Homo sapiens,,single protein format,ChEMBL,2026-10-06
554956,CHEMBL40362,CCOc1ccc(NC2=CC(=O)c3sc(C)nc3C2=O)cc1,CHEMBL658936,IC50,>,200000.0,nM,,CHEMBL301,P24941,Homo sapiens,Outside typical range,single protein format,ChEMBL,2026-10-06
555684,CHEMBL72672,c1ccc(Nc2nccc(-c3cnc4ccccn34)n2)cc1,CHEMBL660785,IC50,<,3.0,nM,,CHEMBL301,P24941,Homo sapiens,,single protein format,ChEMBL,2026-10-06
556105,CHEMBL40326,Cc1nc2c(s1)C(=O)C=C(Nc1ccc(F)cc1)C2=O,CHEMBL658936,IC50,>,200000.0,nM,,CHEMBL301,P24941,Homo sapiens,Outside typical range,single protein format,ChEMBL,2026-10-06
556875,CHEMBL307808,COCCNS(=O)(=O)c1ccc(Nc2nccc(-c3cnc4ccc(Sc5ccccc5)cn34)n2)cc1,CHEMBL660785,IC50,=,16.0,nM,7.80,CHEMBL301,P24941,Homo sapiens,,single protein format,ChEMBL,2026-10-06
558049,CHEMBL309573,COCCNS(=O)(=O)c1ccc(Nc2nccc(-c3cnc4ccccn34)n2)cc1,CHEMBL660785,IC50,=,12.0,nM,7.92,CHEMBL301,P24941,Homo sapiens,,single protein format,ChEMBL,2026-10-06
558051,CHEMBL72548,CN(C)CCNS(=O)(=O)c1ccc(Nc2nccc(-c3cnc4ccccn34)n2)cc1,CHEMBL660785,IC50,=,5.0,nM,8.30,CHEMBL301,P24941,Homo sapiens,,single protein format,ChEMBL,2026-10-06
559315,CHEMBL73645,Cc1nc2ccccn2c1-c1ccnc(Nc2ccc(Cl)cc2)n1,CHEMBL660785,IC50,=,620.0,nM,6.21,CHEMBL301,P24941,Homo sapiens,,single protein format,ChEMBL,2026-10-06
561426,CHEMBL72464,COCCNS(=O)(=O)c1ccc(Nc2ncc(Cl)c(-c3cnc4ccccn34)n2)cc1,CHEMBL660785,IC50,<,3.0,nM,,CHEMBL301,P24941,Homo sapiens,,single protein format,ChEMBL,2026-10-06
562710,CHEMBL73189,Cc1nc2ccccn2c1-c1ccnc(Nc2cccc(Cl)c2)n1,CHEMBL660785,IC50,=,150.0,nM,6.82,CHEMBL301,P24941,Homo sapiens,,single protein format,ChEMBL,2026-10-06
562711,CHEMBL73303,NS(=O)(=O)c1ccc(Nc2nccc(-c3cnc4ccccn34)n2)cc1,CHEMBL660785,IC50,<,3.0,nM,,CHEMBL301,P24941,Homo sapiens,,single protein format,ChEMBL,2026-10-06
563166,CHEMBL280074,Cn1cnc2c(NCc3ccccc3)nc(NCCO)nc21,CHEMBL658936,IC50,=,7000.0,nM,5.16,CHEMBL301,P24941,Homo sapiens,,single protein format,ChEMBL,2026-10-06
565024,CHEMBL308848,Cc1nc2ccccn2c1-c1ccnc(Nc2ccccc2Cl)n1,CHEMBL660785,IC50,=,8800.0,nM,5.06,CHEMBL301,P24941,Homo sapiens,,single protein format,ChEMBL,2026-10-06
565481,CHEMBL11359,,CHEMBL658937,IC50,=,,nM,,CHEMBL301,P24941,Homo sapiens,,single protein format,ChEMBL,2026-10-06
566154,CHEMBL73214,CCSc1ccc2ncc(-c3ccnc(Nc4ccc(S(=O)(=O)NCCOC)cc4)n3)n2c1,CHEMBL660785,IC50,<,3.0,nM,,CHEMBL301,P24941,Homo sapiens,,single protein format,ChEMBL,2026-10-06
566701,CHEMBL290904,Cc1ccc(NC2=CC(=O)c3sc(C)nc3C2=O)cc1,CHEMBL658936,IC50,>,200000.0,nM,,CHEMBL301,P24941,Homo sapiens,Outside typical range,single protein format,ChEMBL,2026-10-06
567835,CHEMBL14762,CC[C@H](CO)Nc1nc(NCc2ccccc2)c2ncn(C(C)C)c2n1,CHEMBL658936,IC50,=,600.0,nM,6.22,CHEMBL301,P24941,Homo sapiens,,single protein format,ChEMBL,2026-10-06
570008,CHEMBL72461,Cc1nc2ccccn2c1-c1ccnc(Nc2ccccc2)n1,CHEMBL660785,IC50,=,210.0,nM,6.68,CHEMBL301,P24941,Homo sapiens,,single protein format,ChEMBL,2026-10-06
576700,CHEMBL38693,Cc1nc2c(s1)C(=O)C=C(Nc1ccccc1)C2=O,CHEMBL658936,IC50,>,200000.0,nM,,CHEMBL301,P24941,Homo sapiens,Outside typical range,single protein format,ChEMBL,2026-10-06
576706,CHEMBL142789,Cc1nc2c(s1)C(=O)C=C(Nc1ccc(I)cc1)C2=O,CHEMBL658936,IC50,>,200000.0,nM,,CHEMBL301,P24941,Homo sapiens,Outside typical range,single protein format,ChEMBL,2026-10-06
577468,CHEMBL74680,Clc1cccc(Nc2nccc(-n3cnc4ccccc43)n2)c1,CHEMBL660785,IC50,=,680.0,nM,6.17,CHEMBL301,P24941,Homo sapiens,,single protein format,ChEMBL,2026-10-06
577469,CHEMBL71044,CN(C)CCCNS(=O)(=O)c1ccc(Nc2nccc(-c3cnc4ccccn34)n2)cc1,CHEMBL660785,IC50,<,3.0,nM,,CHEMBL301,P24941,Homo sapiens,,single protein format,ChEMBL,2026-10-06
577944,CHEMBL140584,Cc1nc2c(s1)C(=O)C=C(Nc1ccc(O)cc1)C2=O,CHEMBL658936,IC50,>,200000.0,nM,,CHEMBL301,P24941,Homo sapiens,Outside typical range,single protein format,ChEMBL,2026-10-06
578271,CHEMBL142425,C[C@H](O)CNc1cc(-c2[nH]c3cccnc3c2-c2ccc(F)cc2)ccn1,CHEMBL662527,IC50,>,25000.0,nM,,CHEMBL301,P24941,Homo sapiens,,single protein format,ChEMBL,2026-10-06
578714,CHEMBL73243,COCCCNS(=O)(=O)c1ccc(Nc2nccc(-c3cnc4ccccn34)n2)cc1,CHEMBL660785,IC50,=,4.0,nM,8.40,CHEMBL301,P24941,Homo sapiens,,single protein format,ChEMBL,2026-10-06
581010,CHEMBL72510,Cc1nc2ccccn2c1-c1ccnc(Nc2ccc(S(N)(=O)=O)cc2)n1,CHEMBL660785,IC50,=,38.0,nM,7.42,CHEMBL301,P24941,Homo sapiens,,single protein format,ChEMBL,2026-10-06
581011,CHEMBL73038,COCCNS(=O)(=O)c1ccc(Nc2nccc(-c3cnc4ccc(Br)cn34)n2)cc1,CHEMBL660785,IC50,<,3.0,nM,,CHEMBL301,P24941,Homo sapiens,,single protein format,ChEMBL,2026-10-06
584732,CHEMBL70824,CN(C)CCCN(C)S(=O)(=O)c1ccc(Nc2nccc(-c3cnc4ccccn34)n2)cc1,CHEMBL660785,IC50,=,5.0,nM,8.30,CHEMBL301,P24941,Homo sapiens,,single protein format,ChEMBL,2026-10-06
584734,CHEMBL72893,COCCNS(=O)(=O)c1ccc(Nc2ncc(Sc3ccccc3)c(-c3cnc4ccccn34)n2)cc1,CHEMBL660785,IC50,>,10000.0,nM,,CHEMBL301,P24941,Homo sapiens,,single protein format,ChEMBL,2026-10-06
585279,CHEMBL142788,Cc1nc2c(s1)C(=O)C=C(Nc1ccc(Br)cc1)C2=O,CHEMBL658936,IC50,>,200000.0,nM,,CHEMBL301,P24941,Homo sapiens,Outside typical range,single protein format,ChEMBL,2026-10-06
586464,CHEMBL143570,COc1ccc(NC2=CC(=O)c3sc(C)nc3C2=O)cc1,CHEMBL658936,IC50,>,200000.0,nM,,CHEMBL301,P24941,Homo sapiens,Outside typical range,single protein format,ChEMBL,2026-10-06
589008,CHEMBL38694,Cc1nc2c(s1)C(=O)C=C(Nc1ccc(Cl)cc1)C2=O,CHEMBL658936,IC50,>,200000.0,nM,,CHEMBL301,P24941,Homo sapiens,Outside typical range,single protein format,ChEMBL,2026-10-06
591068,CHEMBL72509,Clc1cccc(Nc2nccc(-c3cnc4ccccn34)n2)c1,CHEMBL660785,IC50,=,5.0,nM,8.30,CHEMBL301,P24941,Homo sapiens,,single protein format,ChEMBL,2026-10-06
591069,CHEMBL70808,COCCNS(=O)(=O)c1ccc(Nc2ncc(Br)c(-c3cnc4ccccn34)n2)cc1,CHEMBL660785,IC50,<,3.0,nM,,CHEMBL301,P24941,Homo sapiens,,single protein format,ChEMBL,2026-10-06
591070,CHEMBL419634,COCCNS(=O)(=O)c1ccc(Nc2nccc(-c3cnc4ccc(C#N)cn34)n2)cc1,CHEMBL660785,IC50,<,3.0,nM,,CHEMBL301,P24941,Homo sapiens,,single protein format,ChEMBL,2026-10-06
622800,CHEMBL23327,CC(C)[C@H](CO)Nc1nc(Nc2cccc(Cl)c2)c2ncn(C(C)C)c2n1,CHEMBL660780,IC50,=,4.0,nM,8.40,CHEMBL301,P24941,Homo sapiens,,single protein format,ChEMBL,2026-10-06
641523,CHEMBL30432,CN(C)c1cc2c(Nc3ccc4c(cnn4Cc4ccccc4)c3)ncnc2cn1,CHEMBL662522,IC50,>,8000.0,nM,,CHEMBL301,P24941,Homo sapiens,,single protein format,ChEMBL,2026-10-06
654943,CHEMBL29197,COc1cc2ncnc(Nc3cccc(Br)c3)c2cc1OC,CHEMBL660786,IC50,=,250000.0,nM,,CHEMBL301,P24941,Homo sapiens,Outside typical range,single protein format,ChEMBL,2026-10-06
791686,CHEMBL72510,Cc1nc2ccccn2c1-c1ccnc(Nc2ccc(S(N)(=O)=O)cc2)n1,CHEMBL660782,IC50,<,3.0,nM,,CHEMBL301,P24941,Homo sapiens,,single protein format,ChEMBL,2026-10-06
792229,CHEMBL323015,Cc1cc(C)nc(Sc2cc(=O)c3c(O)cc(O)c(C4CCN(C)CC4O)c3o2)n1,CHEMBL660787,IC50,=,40400.0,nM,4.39,CHEMBL301,P24941,Homo sapiens,,single protein format,ChEMBL,2026-10-06
794937,CHEMBL102622,Cc1nc2ccccn2c1-c1ccnc(NC(=O)C(F)(F)F)n1,CHEMBL660782,IC50,=,95000.0,nM,4.02,CHEMBL301,P24941,Homo sapiens,,single protein format,ChEMBL,2026-10-06
797739,CHEMBL48362,CN1CCC(c2c(O)cc(O)c3c2O/C(=C\c2ccc(S(N)(=O)=O)cc2)C3=O)CC1,CHEMBL660787,IC50,=,30.0,nM,7.52,CHEMBL301,P24941,Homo sapiens,,single protein format,ChEMBL,2026-10-06
803285,CHEMBL317445,Cc1nc2ccccn2c1-c1ccnc(NC(=O)Nc2ccccc2)n1,CHEMBL660782,IC50,>,10000.0,nM,,CHEMBL301,P24941,Homo sapiens,,single protein format,ChEMBL,2026-10-06
803287,CHEMBL102047,CN(C)CC(O)COc1ccc(Nc2nccc(Nc3ccccc3)n2)cc1,CHEMBL660782,IC50,=,32000.0,nM,4.50,CHEMBL301,P24941,Homo sapiens,,single protein format,ChEMBL,2026-10-06
804549,CHEMBL72461,Cc1nc2ccccn2c1-c1ccnc(Nc2ccccc2)n1,CHEMBL660782,IC50,=,36.0,nM,7.44,CHEMBL301,P24941,Homo sapiens,,single protein format,ChEMBL,2026-10-06
810327,CHEMBL112050,CN1CCC(c2c(O)cc(O)c3c(=O)cc(Sc4ccccc4)oc23)C(O)C1,CHEMBL660787,IC50,=,6590.0,nM,5.18,CHEMBL301,P24941,Homo sapiens,,single protein format,ChEMBL,2026-10-06
811585,CHEMBL113544,CN1CCC(c2c(O)cc(O)c3c(=O)cc(Sc4ccccc4Cl)oc23)C(O)C1,CHEMBL660787,IC50,=,2100.0,nM,5.68,CHEMBL301,P24941,Homo sapiens,,single protein format,ChEMBL,2026-10-06
812840,CHEMBL112582,CN1CCC(c2c(O)cc(O)c3c(=O)cc(SC(C)(C)C)oc23)C(O)C1,CHEMBL660787,IC50,=,1070.0,nM,5.97,CHEMBL301,P24941,Homo sapiens,,single protein format,ChEMBL,2026-10-06
814806,CHEMBL102926,Cc1nc2ccccn2c1-c1ccnc(Nc2ccc(OCC(O)CN(C)C)cc2)n1,CHEMBL660782,IC50,=,32.0,nM,7.50,CHEMBL301,P24941,Homo sapiens,,single protein format,ChEMBL,2026-10-06
815272,CHEMBL326843,CCSc1cc(=O)c2c(O)cc(O)c(C3CCN(C)CC3O)c2o1,CHEMBL660787,IC50,=,3930.0,nM,5.41,CHEMBL301,P24941,Homo sapiens,,single protein format,ChEMBL,2026-10-06
815967,CHEMBL99842,CC(=O)Nc1nccc(-c2c(C)nc3ccccn23)n1,CHEMBL660782,IC50,=,2900.0,nM,5.54,CHEMBL301,P24941,Homo sapiens,,single protein format,ChEMBL,2026-10-06
816419,CHEMBL51709,CN1CCC(c2c(O)cc(O)c3c2O/C(=C\c2ccccc2)C3=O)CC1,CHEMBL660787,IC50,=,1280.0,nM,5.89,CHEMBL301,P24941,Homo sapiens,,single protein format,ChEMBL,2026-10-06
817348,CHEMBL100979,Cc1nc2ccccn2c1-c1ccnc(N)n1,CHEMBL660782,IC50,=,4000.0,nM,5.40,CHEMBL301,P24941,Homo sapiens,,single protein format,ChEMBL,2026-10-06
822151,CHEMBL326275,CN1CCC(c2c(O)cc(O)c3c(=O)cc(Oc4ccccc4Cl)oc23)C(O)C1,CHEMBL660787,IC50,=,2110.0,nM,5.68,CHEMBL301,P24941,Homo sapiens,,single protein format,ChEMBL,2026-10-06
822152,CHEMBL45477,CN1CCC(c2c(O)cc(O)c3c2O/C(=C\c2ccc([N+](=O)[O-])cc2)C3=O)CC1,CHEMBL660787,IC50,=,310.0,nM,6.51,CHEMBL301,P24941,Homo sapiens,,single protein format,ChEMBL,2026-10-06
823352,CHEMBL48614,CN1CCC(c2c(O)cc(O)c3c2O/C(=C\c2ccccc2Cl)C3=O)CC1,CHEMBL660787,IC50,=,3970.0,nM,5.40,CHEMBL301,P24941,Homo sapiens,,single protein format,ChEMBL,2026-10-06
826658,CHEMBL103355,Cc1ccc(F)c(Nc2ccnc(Nc3ccc(S(N)(=O)=O)cc3)n2)c1,CHEMBL660782,IC50,=,6.0,nM,8.22,CHEMBL301,P24941,Homo sapiens,,single protein format,ChEMBL,2026-10-06
830297,CHEMBL319831,Nc1cccc(-c2cc(Nc3ccc(S(N)(=O)=O)cc3)[nH]n2)c1,CHEMBL661129,IC50,=,166.0,nM,6.78,CHEMBL301,P24941,Homo sapiens,,single protein format,ChEMBL,2026-10-06
832577,CHEMBL103104,NS(=O)(=O)c1ccc(Nc2cc(-c3cccc(O)c3)n[nH]2)cc1,CHEMBL661129,IC50,=,9.1,nM,8.04,CHEMBL301,P24941,Homo sapiens,,single protein format,ChEMBL,2026-10-06
834946,CHEMBL323326,CN(C)c1ccc(-c2cc(Nc3ccc(S(N)(=O)=O)cc3)[nH]n2)cc1,CHEMBL661129,IC50,>,2000.0,nM,,CHEMBL301,P24941,Homo sapiens,,single protein format,ChEMBL,2026-10-06
837392,CHEMBL321517,Nc1ccc(-c2cc(Nc3ccc(S(N)(=O)=O)cc3)[nH]n2)cc1,CHEMBL661129,IC50,=,0.34,nM,9.47,CHEMBL301,P24941,Homo sapiens,,single protein format,ChEMBL,2026-10-06
838649,CHEMBL319685,COc1cccc(-c2cc(Nc3ccc(S(N)(=O)=O)cc3)[nH]n2)c1,CHEMBL661129,IC50,=,24.5,nM,7.61,CHEMBL301,P24941,Homo sapiens,,single protein format,ChEMBL,2026-10-06
841106,CHEMBL319903,NS(=O)(=O)c1ccc(Nc2cc(-c3ccc(Br)cc3)[nH]n2)cc1,CHEMBL661129,IC50,=,10.0,nM,8.00,CHEMBL301,P24941,Homo sapiens,,single protein format,ChEMBL,2026-10-06
841108,CHEMBL103039,NS(=O)(=O)c1ccc(Nc2cc(-c3cccc(N4CCOCC4)c3)[nH]n2)cc1,CHEMBL661129,IC50,=,490.0,nM,6.31,CHEMBL301,P24941,Homo sapiens,,single protein format,ChEMBL,2026-10-06
841110,CHEMBL319103,NS(=O)(=O)c1ccc(Nc2cc(-c3cccc(NS(=O)(=O)c4ccccc4)c3)[nH]n2)cc1,CHEMBL661129,IC50,=,10.7,nM,7.97,CHEMBL301,P24941,Homo sapiens,,single protein format,ChEMBL,2026-10-06
850656,CHEMBL103285,NS(=O)(=O)c1ccc(Nc2cc(-c3cccc(Br)c3)[nH]n2)cc1,CHEMBL661129,IC50,=,23.4,nM,7.63,CHEMBL301,P24941,Homo sapiens,,single protein format,ChEMBL,2026-10-06
851716,CHEMBL102241,COc1ccc(-c2cc(Nc3ccc(S(N)(=O)=O)cc3)[nH]n2)cc1F,CHEMBL661129,IC50,=,407.0,nM,6.39,CHEMBL301,P24941,Homo sapiens,,single protein format,ChEMBL,2026-10-06
852815,CHEMBL418985,CS(=O)(=O)Nc1ccc(Nc2cc(-c3cccc(Br)c3)[nH]n2)cc1,CHEMBL661129,IC50,=,602.0,nM,6.22,CHEMBL301,P24941,Homo sapiens,,single protein format,ChEMBL,2026-10-06
853949,CHEMBL103382,NS(=O)(=O)c1ccc(Nc2cc(-c3ccc(F)cc3)[nH]n2)cc1,CHEMBL661129,IC50,=,17.4,nM,7.76,CHEMBL301,P24941,Homo sapiens,,single protein format,ChEMBL,2026-10-06
853951,CHEMBL103115,NS(=O)(=O)c1ccc(Nc2cc(-c3ccc(O)c(F)c3)n[nH]2)cc1,CHEMBL661129,IC50,=,12.6,nM,7.90,CHEMBL301,P24941,Homo sapiens,,single protein format,ChEMBL,2026-10-06
855041,CHEMBL421578,CS(=O)(=O)Nc1cccc(-c2cc(Nc3ccc(S(N)(=O)=O)cc3)[nH]n2)c1,CHEMBL661129,IC50,=,10.7,nM,7.97,CHEMBL301,P24941,Homo sapiens,,single protein format,ChEMBL,2026-10-06
863108,CHEMBL329040,NS(=O)(=O)c1cccc(Nc2cc(-c3ccc(F)cc3)n[nH]2)c1,CHEMBL661129,IC50,=,871.0,nM,6.06,CHEMBL301,P24941,Homo sapiens,,single protein format,ChEMBL,2026-10-06
863110,CHEMBL317703,NS(=O)(=O)c1ccc(Nc2cc(-c3ccc([N+](=O)[O-])cc3)[nH]n2)cc1,CHEMBL661129,IC50,=,0.33,nM,9.48,CHEMBL301,P24941,Homo sapiens,,single protein format,ChEMBL,2026-10-06
863112,CHEMBL321939,NS(=O)(=O)c1ccc(Nc2cc(-c3cccc(NC(=O)Nc4cc(C(F)(F)F)ccc4F)c3)[nH]n2)cc1,CHEMBL661129,IC50,=,61.6,nM,7.21,CHEMBL301,P24941,Homo sapiens,,single protein format,ChEMBL,2026-10-06
910412,CHEMBL340935,O=C1NC(=O)C2=C1c1cn(c3ccccc13)CCOCCOCCOCCn1cc2c2cccnc21,CHEMBL662526,IC50,=,2439.0,nM,5.61,CHEMBL301,P24941,Homo sapiens,,single protein format,ChEMBL,2026-10-06
915719,CHEMBL340776,O=C1NC(=O)C2=C1c1cn(c3ncccc13)CCOCCOCCOCCn1cc2c2cccnc21,CHEMBL662526,IC50,>,10000.0,nM,,CHEMBL301,P24941,Homo sapiens,,single protein format,ChEMBL,2026-10-06
918239,CHEMBL340259,O=C1NC(=O)C2=C1c1cn(c3ccccc13)CCOCCOCCOCCn1cc2c2ccccc21,CHEMBL662526,IC50,=,992.0,nM,6.00,CHEMBL301,P24941,Homo sapiens,,single protein format,ChEMBL,2026-10-06
931180,CHEMBL337642,O=C1NC(=O)C2=C1c1cn(c3ncccc13)CCOCCOCCOCCOCCn1cc2c2cccnc21,CHEMBL662526,IC50,>,10000.0,nM,,CHEMBL301,P24941,Homo sapiens,,single protein format,ChEMBL,2026-10-06
952080,CHEMBL303958,Nc1nc(N)c(N=O)c(OCC2CCCCC2)n1,CHEMBL661127,IC50,=,2200.0,nM,5.66,CHEMBL301,P24941,Homo sapiens,,single protein format,ChEMBL,2026-10-06
958721,CHEMBL101801,NC(=O)c1ccc(Nc2nc(N)c(N=O)c(OCC3CCCCC3)n2)cc1,CHEMBL661127,IC50,=,34.0,nM,7.47,CHEMBL301,P24941,Homo sapiens,,single protein format,ChEMBL,2026-10-06
961037,CHEMBL319709,NC(=O)c1ccc(Nc2nc(N)cc(OCC3CCCCC3)n2)cc1,CHEMBL661127,IC50,=,59000.0,nM,4.23,CHEMBL301,P24941,Homo sapiens,,single protein format,ChEMBL,2026-10-06
963547,CHEMBL322568,CSc1ccc(Nc2nc(N)c(N=O)c(OCC3CCCCC3)n2)cc1,CHEMBL661127,IC50,=,120.0,nM,6.92,CHEMBL301,P24941,Homo sapiens,,single protein format,ChEMBL,2026-10-06
971312,CHEMBL318999,Nc1nc(Nc2ccc(S(N)(=O)=O)cc2)nc(OCC2CCCCC2)c1N=O,CHEMBL661127,IC50,=,1.1,nM,8.96,CHEMBL301,P24941,Homo sapiens,,single protein format,ChEMBL,2026-10-06
973805,CHEMBL319467,NS(=O)(=O)c1ccc(Nc2nc(OCC3CCCCC3)c3nc[nH]c3n2)cc1,CHEMBL661127,IC50,=,5.4,nM,8.27,CHEMBL301,P24941,Homo sapiens,,single protein format,ChEMBL,2026-10-06
978648,CHEMBL269881,Nc1nc(OCC2CCCCC2)c2nc[nH]c2n1,CHEMBL661127,IC50,=,17000.0,nM,4.77,CHEMBL301,P24941,Homo sapiens,,single protein format,ChEMBL,2026-10-06
984954,CHEMBL104467,Nc1cc(OCC2CCCCC2)nc(Nc2ccc(S(N)(=O)=O)cc2)n1,CHEMBL661127,IC50,=,2900.0,nM,5.54,CHEMBL301,P24941,Homo sapiens,,single protein format,ChEMBL,2026-10-06
984956,CHEMBL107530,Nc1nc(Nc2cccc(Br)c2)nc(OCC2CCCCC2)c1N=O,CHEMBL661127,IC50,=,500.0,nM,6.30,CHEMBL301,P24941,Homo sapiens,,single protein format,ChEMBL,2026-10-06
986273,CHEMBL102636,COc1ccc(Nc2nc(N)c(N=O)c(OCC3CCCCC3)n2)cc1,CHEMBL661127,IC50,=,220.0,nM,6.66,CHEMBL301,P24941,Homo sapiens,,single protein format,ChEMBL,2026-10-06
1013632,CHEMBL1276127,O=C1Nc2ccccc2/C1=C1/Nc2ccccc2C1=O,CHEMBL660705,IC50,=,2200.0,nM,5.66,CHEMBL301,P24941,Homo sapiens,,single protein format,ChEMBL,2026-10-06
1022802,CHEMBL599552,O=C1/C(=C2\Nc3ccccc3C2=O)Nc2ccccc21,CHEMBL660705,IC50,=,70000.0,nM,4.16,CHEMBL301,P24941,Homo sapiens,,single protein format,ChEMBL,2026-10-06
1026989,CHEMBL289422,O=C1NC(=O)c2c1c1c3ccccc3n3c1c1c2c2ccccc2n1[C@H]1CC[C@@H]3O1,CHEMBL658938,IC50,=,540.0,nM,6.27,CHEMBL301,P24941,Homo sapiens,,single protein format,ChEMBL,2026-10-06
1070769,CHEMBL71402,Nc1cc(OCC2CCCCC2)nc(N)n1,CHEMBL658932,IC50,>,10000.0,nM,,CHEMBL301,P24941,Homo sapiens,,cell-based format,ChEMBL,2026-10-06
1099192,CHEMBL405551,c1nc(OCC2CCCCC2)c2nc[nH]c2n1,CHEMBL658109,IC50,=,13000.0,nM,4.89,CHEMBL301,P24941,Homo sapiens,,cell-based format,ChEMBL,2026-10-06
1100331,CHEMBL94794,Cn1cnc2c(OCC3CCCCC3)nc(N)nc21,CHEMBL658109,IC50,>,100000.0,nM,,CHEMBL301,P24941,Homo sapiens,,cell-based format,ChEMBL,2026-10-06
1142480,CHEMBL1964242,O=C1Nc2ccc3ncsc3c2/C1=C/Nc1ccc(S(=O)(=O)NCc2ccccc2)cc1,CHEMBL661125,IC50,=,5.6,nM,8.25,CHEMBL301,P24941,Homo sapiens,,single protein format,ChEMBL,2026-10-06
1142488,CHEMBL1234085,CNS(=O)(=O)c1ccc(N/C=C2\C(=O)Nc3ccccc32)cc1,CHEMBL661125,IC50,=,560.0,nM,6.25,CHEMBL301,P24941,Homo sapiens,,single protein format,ChEMBL,2026-10-06
1143809,CHEMBL314397,NS(=O)(=O)c1ccc(/N=N/c2c(O)[nH]c3cccc(I)c23)cc1,CHEMBL661125,IC50,=,4.6,nM,8.34,CHEMBL301,P24941,Homo sapiens,,single protein format,ChEMBL,2026-10-06
1143811,CHEMBL272165,NS(=O)(=O)c1ccc(N/N=C2\C(=O)Nc3ccc(C(=O)NCc4ccncc4)cc32)cc1,CHEMBL661125,IC50,=,8.9,nM,8.05,CHEMBL301,P24941,Homo sapiens,,single protein format,ChEMBL,2026-10-06
1145032,CHEMBL438721,NS(=O)(=O)c1ccc(N/N=C2\C(=O)Nc3ccccc32)cc1,CHEMBL661125,IC50,=,120.0,nM,6.92,CHEMBL301,P24941,Homo sapiens,,single protein format,ChEMBL,2026-10-06
1145034,CHEMBL270132,NS(=O)(=O)c1ccc(N/C=C2\C(=O)Nc3ccc(-c4cnco4)cc32)cc1,CHEMBL661125,IC50,=,2.5,nM,8.60,CHEMBL301,P24941,Homo sapiens,,single protein format,ChEMBL,2026-10-06
1145036,CHEMBL1276446,O=C1Nc2ccc3ncsc3c2/C1=C/Nc1ccc(S(=O)(=O)Nc2ccccn2)cc1,CHEMBL661125,IC50,=,9.7,nM,8.01,CHEMBL301,P24941,Homo sapiens,,single protein format,ChEMBL,2026-10-06
1145044,CHEMBL1234086,CNS(=O)(=O)Cc1ccc(N/N=C2\C(=O)Nc3ccc4ncsc4c32)cc1,CHEMBL661125,IC50,=,5.7,nM,8.24,CHEMBL301,P24941,Homo sapiens,,single protein format,ChEMBL,2026-10-06
1146499,CHEMBL271182,CCc1ccc2c(c1)NC(=O)/C2=N\Nc1ccc(S(N)(=O)=O)cc1,CHEMBL661125,IC50,=,21.0,nM,7.68,CHEMBL301,P24941,Homo sapiens,,single protein format,ChEMBL,2026-10-06
1146501,CHEMBL1964249,COCCOCCOCCOCCN(C)S(=O)(=O)c1ccc(N/C=C2\C(=O)Nc3ccc4ncsc4c32)cc1,CHEMBL661125,IC50,=,1.0,nM,9.00,CHEMBL301,P24941,Homo sapiens,,single protein format,ChEMBL,2026-10-06
1149045,CHEMBL272667,Cc1c([N+](=O)[O-])ccc2c1/C(=N/Nc1ccc(S(N)(=O)=O)cc1)C(=O)N2,CHEMBL661125,IC50,=,4.6,nM,8.34,CHEMBL301,P24941,Homo sapiens,,single protein format,ChEMBL,2026-10-06
1150272,CHEMBL269850,NS(=O)(=O)c1ccc(N/C=C2\C(=O)Nc3ccccc32)cc1,CHEMBL661125,IC50,=,690.0,nM,6.16,CHEMBL301,P24941,Homo sapiens,,single protein format,ChEMBL,2026-10-06
1150274,CHEMBL270054,NS(=O)(=O)c1ccc(N/N=C2\C(=O)Nc3ccc(Cl)cc32)cc1,CHEMBL661125,IC50,=,43.0,nM,7.37,CHEMBL301,P24941,Homo sapiens,,single protein format,ChEMBL,2026-10-06
1150276,CHEMBL409104,NS(=O)(=O)c1ccc(N/N=C2\C(=O)Nc3cccc(Oc4ccccc4)c32)cc1,CHEMBL661125,IC50,=,13.0,nM,7.89,CHEMBL301,P24941,Homo sapiens,,single protein format,ChEMBL,2026-10-06
1150278,CHEMBL272026,NS(=O)(=O)c1ccc(N/N=C2\C(=O)Nc3ccc(C(=O)NCCCn4ccnc4)cc32)cc1,CHEMBL661125,IC50,=,25.0,nM,7.60,CHEMBL301,P24941,Homo sapiens,,single protein format,ChEMBL,2026-10-06
1151481,CHEMBL411865,NS(=O)(=O)c1ccc(N/N=C2\C(=O)Nc3cccc(CCc4ccc(O)cc4)c32)cc1,CHEMBL661125,IC50,=,12.0,nM,7.92,CHEMBL301,P24941,Homo sapiens,,single protein format,ChEMBL,2026-10-06
1152636,CHEMBL429142,CC(C)CC(=O)c1ccc2c(c1)/C(=C/Nc1ccc(S(N)(=O)=O)cc1)C(=O)N2,CHEMBL661125,IC50,=,1.9,nM,8.72,CHEMBL301,P24941,Homo sapiens,,single protein format,ChEMBL,2026-10-06
1152638,CHEMBL271953,NS(=O)(=O)c1ccc(N/N=C2\C(=O)Nc3ccc(C(=O)NCc4cccnc4)cc32)cc1,CHEMBL661125,IC50,=,2.1,nM,8.68,CHEMBL301,P24941,Homo sapiens,,single protein format,ChEMBL,2026-10-06
1152640,CHEMBL271183,NS(=O)(=O)c1ccc(N/N=C2\C(=O)Nc3cc(Br)ccc32)cc1,CHEMBL661125,IC50,=,43.0,nM,7.37,CHEMBL301,P24941,Homo sapiens,,single protein format,ChEMBL,2026-10-06
1152642,CHEMBL272833,NS(=O)(=O)c1ccc(N/N=C2\C(=O)Nc3ccc4[nH]ncc4c32)cc1,CHEMBL661125,IC50,=,13.0,nM,7.89,CHEMBL301,P24941,Homo sapiens,,single protein format,ChEMBL,2026-10-06
1152644,CHEMBL2112297,O=C1Nc2ccc3ncsc3c2/C1=C/Nc1ccc(S(=O)(=O)N[n+]2ccc3ccccc3c2)cc1,CHEMBL661125,IC50,=,9.5,nM,8.02,CHEMBL301,P24941,Homo sapiens,,single protein format,ChEMBL,2026-10-06
1152646,CHEMBL1964248,CN(C)CCNS(=O)(=O)c1ccc(N/C=C2\C(=O)Nc3ccccc32)cc1,CHEMBL661125,IC50,=,1000.0,nM,6.00,CHEMBL301,P24941,Homo sapiens,,single protein format,ChEMBL,2026-10-06
1153932,CHEMBL271137,NS(=O)(=O)c1ccc(N/C=C2\C(=O)Nc3cccc(CO)c32)cc1,CHEMBL661125,IC50,=,54.0,nM,7.27,CHEMBL301,P24941,Homo sapiens,,single protein format,ChEMBL,2026-10-06
1153934,CHEMBL271843,Cc1ccc2c(c1)/C(=N/Nc1ccc(S(N)(=O)=O)cc1)C(=O)N2,CHEMBL661125,IC50,=,46.0,nM,7.34,CHEMBL301,P24941,Homo sapiens,,single protein format,ChEMBL,2026-10-06
1153936,CHEMBL271136,COc1cccc(OC)c1CNC(=O)c1ccc2c(c1)/C(=N/Nc1ccc(S(N)(=O)=O)cc1)C(=O)N2,CHEMBL661125,IC50,=,1.7,nM,8.77,CHEMBL301,P24941,Homo sapiens,,single protein format,ChEMBL,2026-10-06
1155249,CHEMBL272380,NS(=O)(=O)c1ccc(N/N=C2\C(=O)Nc3cccc(/C=C/c4ccc(O)cc4)c32)cc1,CHEMBL661125,IC50,=,9.3,nM,8.03,CHEMBL301,P24941,Homo sapiens,,single protein format,ChEMBL,2026-10-06
1155251,CHEMBL409868,CN(C)C(=O)c1ccc2c(c1)/C(=N/Nc1ccc(S(N)(=O)=O)cc1)C(=O)N2,CHEMBL661125,IC50,=,17.0,nM,7.77,CHEMBL301,P24941,Homo sapiens,,single protein format,ChEMBL,2026-10-06
1155253,CHEMBL1964247,CN(C)S(=O)(=O)c1ccc(N/C=C2\C(=O)Nc3ccc4ncsc4c32)cc1,CHEMBL661125,IC50,=,4.6,nM,8.34,CHEMBL301,P24941,Homo sapiens,,single protein format,ChEMBL,2026-10-06
1155255,CHEMBL1964251,O=C1Nc2ccc3ncsc3c2/C1=C/Nc1ccc(S(=O)(=O)NCCc2c[nH]cn2)cc1,CHEMBL661125,IC50,=,3.6,nM,8.44,CHEMBL301,P24941,Homo sapiens,,single protein format,ChEMBL,2026-10-06
1156654,CHEMBL409619,NS(=O)(=O)c1ccc(N/N=C2\C(=O)Nc3cccc([N+](=O)[O-])c32)cc1,CHEMBL661125,IC50,=,2400.0,nM,5.62,CHEMBL301,P24941,Homo sapiens,,single protein format,ChEMBL,2026-10-06
1156656,CHEMBL445945,NS(=O)(=O)c1ccc(N/C=C2\C(=O)Nc3ccc4ncccc4c32)cc1,CHEMBL661125,IC50,=,1.5,nM,8.82,CHEMBL301,P24941,Homo sapiens,,single protein format,ChEMBL,2026-10-06
1157792,CHEMBL1964244,O=C1Nc2ccc3ncsc3c2/C1=C/Nc1ccc(S(=O)(=O)Nc2ccccc2)cc1,CHEMBL661125,IC50,=,4.3,nM,8.37,CHEMBL301,P24941,Homo sapiens,,single protein format,ChEMBL,2026-10-06
1159240,CHEMBL409690,NS(=O)(=O)c1ccc(N/N=C2\C(=O)Nc3ccc(O)cc32)cc1,CHEMBL661125,IC50,=,10.0,nM,8.00,CHEMBL301,P24941,Homo sapiens,,single protein format,ChEMBL,2026-10-06
1159242,CHEMBL412091,NS(=O)(=O)c1ccc(N/N=C2\C(=O)Nc3ccc(S(=O)(=O)O)cc32)cc1,CHEMBL661125,IC50,=,15.0,nM,7.82,CHEMBL301,P24941,Homo sapiens,,single protein format,ChEMBL,2026-10-06
1159244,CHEMBL410293,NS(=O)(=O)c1ccc(N/C=C2\C(=O)Nc3cc(CO)ccc32)cc1,CHEMBL661125,IC50,=,61.0,nM,7.21,CHEMBL301,P24941,Homo sapiens,,single protein format,ChEMBL,2026-10-06
1159246,CHEMBL1964245,CNS(=O)(=O)c1ccc(N/C=C2\C(=O)Nc3ccc4ncsc4c32)cc1,CHEMBL661125,IC50,=,5.6,nM,8.25,CHEMBL301,P24941,Homo sapiens,,single protein format,ChEMBL,2026-10-06
1159254,CHEMBL1964260,CS(=O)(=O)c1ccc(N/C=C2\C(=O)Nc3ccc4ncsc4c32)cc1,CHEMBL661125,IC50,=,5.7,nM,8.24,CHEMBL301,P24941,Homo sapiens,,single protein format,ChEMBL,2026-10-06
1159262,CHEMBL1964258,O=C1Nc2ccc3ncsc3c2/C1=C/Nc1ccc(CS(=O)(=O)NCCO)cc1,CHEMBL661125,IC50,=,13.0,nM,7.89,CHEMBL301,P24941,Homo sapiens,,single protein format,ChEMBL,2026-10-06
1160477,CHEMBL408210,CCOC(=O)c1cccc2c1/C(=C/Nc1ccc(S(N)(=O)=O)cc1)C(=O)N2,CHEMBL661125,IC50,=,8.9,nM,8.05,CHEMBL301,P24941,Homo sapiens,,single protein format,ChEMBL,2026-10-06
1160479,CHEMBL409892,NS(=O)(=O)c1ccc(N/N=C2\C(=O)Nc3ccc4ncccc4c32)cc1,CHEMBL661125,IC50,=,1.6,nM,8.80,CHEMBL301,P24941,Homo sapiens,,single protein format,ChEMBL,2026-10-06
1160487,CHEMBL1964259,O=C1Nc2ccc3ncsc3c2/C1=C/Nc1ccc(S(=O)(=O)NCCOCCO)cc1,CHEMBL661125,IC50,=,0.54,nM,9.27,CHEMBL301,P24941,Homo sapiens,,single protein format,ChEMBL,2026-10-06
1161892,CHEMBL272389,CS(=O)(=O)c1ccc2c(c1)/C(=N/Nc1ccc(S(N)(=O)=O)cc1)C(=O)N2,CHEMBL661125,IC50,=,16.0,nM,7.80,CHEMBL301,P24941,Homo sapiens,,single protein format,ChEMBL,2026-10-06
1161894,CHEMBL271594,CC(C)c1ccc2c(c1)NC(=O)/C2=N/Nc1ccc(S(N)(=O)=O)cc1,CHEMBL661125,IC50,=,75.0,nM,7.12,CHEMBL301,P24941,Homo sapiens,,single protein format,ChEMBL,2026-10-06
1163394,CHEMBL1234087,O=C1Nc2ccc(-c3cnco3)cc2/C1=C/Nc1ccc2c(c1)CS(=O)(=O)C2,CHEMBL661125,IC50,=,8.9,nM,8.05,CHEMBL301,P24941,Homo sapiens,,single protein format,ChEMBL,2026-10-06
1164791,CHEMBL1794054,NS(=O)(=O)c1ccc(N/N=C2\C(=O)Nc3cccc(CCc4ccncc4)c32)cc1,CHEMBL661125,IC50,=,21.0,nM,7.68,CHEMBL301,P24941,Homo sapiens,,single protein format,ChEMBL,2026-10-06
1164793,CHEMBL1234088,O=C1Nc2ccccc2/C1=C/Nc1ccc(S(=O)(=O)Nc2nccs2)cc1,CHEMBL661125,IC50,=,1000.0,nM,6.00,CHEMBL301,P24941,Homo sapiens,,single protein format,ChEMBL,2026-10-06
1166069,CHEMBL412097,C/C(Nc1ccc(S(N)(=O)=O)cc1)=C1/C(=O)Nc2ccc(Cl)cc21,CHEMBL661125,IC50,=,22.0,nM,7.66,CHEMBL301,P24941,Homo sapiens,,single protein format,ChEMBL,2026-10-06
1166071,CHEMBL271842,Nc1ccc2c(c1)/C(=N/Nc1ccc(S(N)(=O)=O)cc1)C(=O)N2,CHEMBL661125,IC50,=,74.0,nM,7.13,CHEMBL301,P24941,Homo sapiens,,single protein format,ChEMBL,2026-10-06
1167445,CHEMBL411425,CCc1cccc2c1/C(=N/Nc1ccc(S(N)(=O)=O)cc1)C(=O)N2,CHEMBL661125,IC50,=,7.9,nM,8.10,CHEMBL301,P24941,Homo sapiens,,single protein format,ChEMBL,2026-10-06
1167447,CHEMBL269846,Cc1cc(C)c2c(c1)/C(=C/Nc1ccc(S(N)(=O)=O)cc1)C(=O)N2,CHEMBL661125,IC50,>,10000.0,nM,,CHEMBL301,P24941,Homo sapiens,,single protein format,ChEMBL,2026-10-06
1167449,CHEMBL1964256,CNS(=O)(=O)Cc1ccc(N/C=C2\C(=O)Nc3ccc4ncsc4c32)cc1,CHEMBL661125,IC50,=,26.0,nM,7.58,CHEMBL301,P24941,Homo sapiens,,single protein format,ChEMBL,2026-10-06
1168728,CHEMBL269827,NS(=O)(=O)c1ccc(N/N=C2\C(=O)Nc3ccc(-c4cnco4)cc32)cc1,CHEMBL661125,IC50,=,2.3,nM,8.64,CHEMBL301,P24941,Homo sapiens,,single protein format,ChEMBL,2026-10-06
1168730,CHEMBL271778,NC(=O)c1cccc2c1/C(=N/Nc1ccc(S(N)(=O)=O)cc1)C(=O)N2,CHEMBL661125,IC50,>,1000.0,nM,,CHEMBL301,P24941,Homo sapiens,,single protein format,ChEMBL,2026-10-06
1168732,CHEMBL260103,COc1ccc2c(c1)/C(=N/Nc1ccc(S(N)(=O)=O)cc1)C(=O)N2,CHEMBL661125,IC50,=,12.0,nM,7.92,CHEMBL301,P24941,Homo sapiens,,single protein format,ChEMBL,2026-10-06
1168734,CHEMBL271952,NS(=O)(=O)c1ccc(N/N=C2\C(=O)Nc3ccc4[nH]nnc4c32)cc1,CHEMBL661125,IC50,=,9.5,nM,8.02,CHEMBL301,P24941,Homo sapiens,,single protein format,ChEMBL,2026-10-06
1170042,CHEMBL411426,CC(C)c1cccc2c1/C(=N/Nc1ccc(S(N)(=O)=O)cc1)C(=O)N2,CHEMBL661125,IC50,=,2.5,nM,8.60,CHEMBL301,P24941,Homo sapiens,,single protein format,ChEMBL,2026-10-06
1170050,CHEMBL272684,NS(=O)(=O)c1ccc(N/N=C2\C(=O)Nc3cccc(-c4cc[nH]n4)c32)cc1,CHEMBL661125,IC50,=,19.0,nM,7.72,CHEMBL301,P24941,Homo sapiens,,single protein format,ChEMBL,2026-10-06
1170052,CHEMBL408131,Cc1cccc2c1NC(=O)/C2=C\Nc1ccc(S(N)(=O)=O)cc1,CHEMBL661125,IC50,>,10000.0,nM,,CHEMBL301,P24941,Homo sapiens,,single protein format,ChEMBL,2026-10-06
1170054,CHEMBL269882,NS(=O)(=O)c1ccc(N/N=C2\C(=O)Nc3ccc4[nH]nc(Cl)c4c32)cc1,CHEMBL661125,IC50,=,2.2,nM,8.66,CHEMBL301,P24941,Homo sapiens,,single protein format,ChEMBL,2026-10-06
1171206,CHEMBL272414,CN(C)c1ccc2c(c1)/C(=C/Nc1ccc(S(N)(=O)=O)cc1)C(=O)N2,CHEMBL661125,IC50,=,310.0,nM,6.51,CHEMBL301,P24941,Homo sapiens,,single protein format,ChEMBL,2026-10-06
1171208,CHEMBL1234089,N=C(N)NS(=O)(=O)c1ccc(N/C=C2\C(=O)Nc3ccccc32)cc1,CHEMBL661125,IC50,=,660.0,nM,6.18,CHEMBL301,P24941,Homo sapiens,,single protein format,ChEMBL,2026-10-06
1172510,CHEMBL273060,NS(=O)(=O)c1ccc(N/N=C2\C(=O)Nc3ccc(I)cc32)cc1,CHEMBL661125,IC50,=,11.0,nM,7.96,CHEMBL301,P24941,Homo sapiens,,single protein format,ChEMBL,2026-10-06
1172512,CHEMBL272028,NS(=O)(=O)c1ccc(N/N=C2\C(=O)Nc3ccc(C(=O)NCCc4c[nH]cn4)cc32)cc1,CHEMBL661125,IC50,=,12.0,nM,7.92,CHEMBL301,P24941,Homo sapiens,,single protein format,ChEMBL,2026-10-06
1172514,CHEMBL1794055,NS(=O)(=O)c1ccc(NC=C2C(=O)Nc3ccc4ncsc4c32)cc1,CHEMBL661125,IC50,=,2.8,nM,8.55,CHEMBL301,P24941,Homo sapiens,,single protein format,ChEMBL,2026-10-06
1172516,CHEMBL235849,CS(=O)(=O)Cc1ccc(N/C=C2\C(=O)Nc3ccc4ncsc4c32)cc1,CHEMBL661125,IC50,=,50.0,nM,7.30,CHEMBL301,P24941,Homo sapiens,,single protein format,ChEMBL,2026-10-06
1173813,CHEMBL271777,CC(C)(C)c1ccc2c(c1)NC(=O)/C2=N\Nc1ccc(S(N)(=O)=O)cc1,CHEMBL661125,IC50,>,10000.0,nM,,CHEMBL301,P24941,Homo sapiens,,single protein format,ChEMBL,2026-10-06
1173815,CHEMBL1964246,O=C1Nc2ccc3ncsc3c2/C1=C/Nc1ccc(S(=O)(=O)NCCO)cc1,CHEMBL661125,IC50,=,4.7,nM,8.33,CHEMBL301,P24941,Homo sapiens,,single protein format,ChEMBL,2026-10-06
1173817,CHEMBL1964252,Cc1cccc(C)c1NS(=O)(=O)c1ccc(N/C=C2\C(=O)Nc3ccc4ncsc4c32)cc1,CHEMBL661125,IC50,=,281.0,nM,6.55,CHEMBL301,P24941,Homo sapiens,,single protein format,ChEMBL,2026-10-06
1173819,CHEMBL1964257,NS(=O)(=O)Cc1ccc(N/C=C2\C(=O)Nc3ccc4ncsc4c32)cc1,CHEMBL661125,IC50,=,7.5,nM,8.12,CHEMBL301,P24941,Homo sapiens,,single protein format,ChEMBL,2026-10-06
1173976,CHEMBL281957,CCN(CC)C/C=C/c1nc(O)c2c(ccc3nc(Nc4c(Cl)cccc4Cl)n(C)c32)c1C,CHEMBL662523,IC50,>,1000.0,nM,,CHEMBL301,P24941,Homo sapiens,,single protein format,ChEMBL,2026-10-06
1175158,CHEMBL411491,NS(=O)(=O)c1ccc(N/N=C2\C(=O)Nc3ccc(Br)cc32)cc1,CHEMBL661125,IC50,=,60.0,nM,7.22,CHEMBL301,P24941,Homo sapiens,,single protein format,ChEMBL,2026-10-06
1175160,CHEMBL411224,CC(C)Cc1cccc2c1/C(=N/Nc1ccc(S(N)(=O)=O)cc1)C(=O)N2,CHEMBL661125,IC50,=,1.2,nM,8.92,CHEMBL301,P24941,Homo sapiens,,single protein format,ChEMBL,2026-10-06
1175162,CHEMBL273061,NS(=O)(=O)c1ccc(N/N=C2\C(=O)Nc3ccc(F)cc32)cc1,CHEMBL661125,IC50,=,34.0,nM,7.47,CHEMBL301,P24941,Homo sapiens,,single protein format,ChEMBL,2026-10-06
1175164,CHEMBL272387,NS(=O)(=O)c1ccc(N/N=C2\C(=O)Nc3ccc(S(N)(=O)=O)cc32)cc1,CHEMBL661125,IC50,=,43.0,nM,7.37,CHEMBL301,P24941,Homo sapiens,,single protein format,ChEMBL,2026-10-06
1175166,CHEMBL409731,COC(=O)c1ccc2c(c1)/C(=C/Nc1ccc(S(N)(=O)=O)cc1)C(=O)N2,CHEMBL661125,IC50,=,2.1,nM,8.68,CHEMBL301,P24941,Homo sapiens,,single protein format,ChEMBL,2026-10-06
1175168,CHEMBL1964253,CN(c1ccccn1)S(=O)(=O)c1ccc(N/C=C2\C(=O)Nc3ccc4ncsc4c32)cc1,CHEMBL661125,IC50,=,5.6,nM,8.25,CHEMBL301,P24941,Homo sapiens,,single protein format,ChEMBL,2026-10-06
1175170,CHEMBL1964243,CC(=O)NS(=O)(=O)c1ccc(N/C=C2\C(=O)Nc3ccc4ncsc4c32)cc1,CHEMBL661125,IC50,=,75.0,nM,7.12,CHEMBL301,P24941,Homo sapiens,,single protein format,ChEMBL,2026-10-06
1176438,CHEMBL270544,CC(C)=Cc1cccc2c1/C(=N/Nc1ccc(S(N)(=O)=O)cc1)C(=O)N2,CHEMBL661125,IC50,=,1.5,nM,8.82,CHEMBL301,P24941,Homo sapiens,,single protein format,ChEMBL,2026-10-06
1176440,CHEMBL269883,CC(C)COC(=O)c1ccc2c(c1)/C(=C/Nc1ccc(S(N)(=O)=O)cc1)C(=O)N2,CHEMBL661125,IC50,=,3.0,nM,8.52,CHEMBL301,P24941,Homo sapiens,,single protein format,ChEMBL,2026-10-06
1176448,CHEMBL410517,Cc1cc(Cl)cc2c1NC(=O)/C2=C\Nc1ccc(S(N)(=O)=O)cc1,CHEMBL661125,IC50,>,10000.0,nM,,CHEMBL301,P24941,Homo sapiens,,single protein format,ChEMBL,2026-10-06
1176450,CHEMBL391229,O=C1Nc2ccc3ncsc3c2/C1=C/Nc1ccc2c(c1)CS(=O)(=O)C2,CHEMBL661125,IC50,=,14.0,nM,7.85,CHEMBL301,P24941,Homo sapiens,,single protein format,ChEMBL,2026-10-06
1177754,CHEMBL405042,C/C(Nc1ccc(S(N)(=O)=O)cc1)=C1/C(=O)Nc2ccccc21,CHEMBL661125,IC50,=,360.0,nM,6.44,CHEMBL301,P24941,Homo sapiens,,single protein format,ChEMBL,2026-10-06
1177756,CHEMBL411886,NS(=O)(=O)c1ccc(N/N=C2\C(=O)Nc3ccc([N+](=O)[O-])cc32)cc1,CHEMBL661125,IC50,=,15.0,nM,7.82,CHEMBL301,P24941,Homo sapiens,,single protein format,ChEMBL,2026-10-06
1177758,CHEMBL271822,COc1ccc2c(c1Cl)/C(=N/Nc1ccc(S(N)(=O)=O)cc1)C(=O)N2,CHEMBL661125,IC50,=,54.0,nM,7.27,CHEMBL301,P24941,Homo sapiens,,single protein format,ChEMBL,2026-10-06
1178972,CHEMBL272668,NS(=O)(=O)c1ccc(N/C=C2\C(=O)Nc3ccc(C(=O)O)cc32)cc1,CHEMBL661125,IC50,=,28.0,nM,7.55,CHEMBL301,P24941,Homo sapiens,,single protein format,ChEMBL,2026-10-06
