source_id,name,smiles_original,smiles_canonical,inchikey,assay_type,relation,value_original,unit_original,value_nM,pActivity,pActivity_def,organism,target_name,target_uniprot,mw,logp,hbd,hba,tpsa,rotatable_bonds,qed,lipinski_violations,data_origin,note
SIM-001,staurosporine,CN[C@@H]1C[C@H]2O[C@@](C)([C@@H]3C[C@H]4C5=C6C(=CC=C5)NC6=C5C(=O)N(C)C(=O)C5=C4C3=C2C2=C1C=CC=C2)N3C1=C(C=CC=C1)C4=C3C=CC=C4,CN[C@@H]1C[C@H]2O[C@](C)(n3c4ccccc4c4ccccc43)[C@@H]3C[C@@H]4C(=C5C(=O)N(C)C(=O)C5=C5Nc6cccc4c65)C3=C2c2ccccc21,YOQDMRRYFRZGMQ-QZKZKSIZSA-N,IC50,=,7.0,nM,7.0,8.154901959985743,pIC50=-log10(IC50[M]) only for uncensored IC50,Homo sapiens,CDK2,P24941,642.7590000000002,7.233100000000007,2,5,75.6,2,0.1988615475663002,2,SIMULATED_ACTIVITY_REAL_STRUCTURES,canonical row
SIM-002,roscovitine,CCC(CO)Nc1nc(NCc2ccccc2)c2ncn(C(C)C)c2n1,CCC(CO)Nc1nc(NCc2ccccc2)c2ncn(C(C)C)c2n1,BTIHMVBBUGXLCJ-UHFFFAOYSA-N,IC50,=,700.0,nM,700.0,6.154901959985743,pIC50=-log10(IC50[M]) only for uncensored IC50,Homo sapiens,CDK2,P24941,354.4580000000001,3.2021000000000015,3,6,87.89,8,0.5756719627819336,0,SIMULATED_ACTIVITY_REAL_STRUCTURES,canonical row
SIM-003,flavopiridol,CN1CCC(c2c(O)cc(O)c3c(=O)cc(-c4ccccc4Cl)oc23)C(O)C1,CN1CCC(c2c(O)cc(O)c3c(=O)cc(-c4ccccc4Cl)oc23)C(O)C1,BIIVYFLTOXDAOV-UHFFFAOYSA-N,IC50,=,0.04,uM,40.0,7.3979400086720375,pIC50=-log10(IC50[M]) only for uncensored IC50,Homo sapiens,CDK2,P24941,401.8460000000001,3.3046000000000015,3,6,94.14,2,0.6095989367593201,0,SIMULATED_ACTIVITY_REAL_STRUCTURES,value in uM
SIM-004,olomoucine,Cn1cnc2c(NCc3ccccc3)nc(NCCO)nc21,Cn1cnc2c(NCc3ccccc3)nc(NCCO)nc21,GTVPOLSIJWJJNY-UHFFFAOYSA-N,IC50,>,10000.0,nM,10000.0,,not_defined_for_this_endpoint_or_censoring,Homo sapiens,CDK2,P24941,298.35,1.3795999999999995,3,6,87.89,6,0.6370330930554224,0,SIMULATED_ACTIVITY_REAL_STRUCTURES,censored IC50
SIM-005,ATP,Nc1ncnc2c1ncn2[C@@H]1O[C@H](COP(=O)(O)OP(=O)(O)OP(=O)(O)O)[C@@H](O)[C@H]1O,Nc1ncnc2c1ncn2[C@@H]1O[C@H](COP(=O)(O)OP(=O)(O)OP(=O)(O)O)[C@@H](O)[C@H]1O,ZKHQWZAMYRWXGA-KQYNXXCUSA-N,Kd,=,30.0,uM,30000.0,,not_defined_for_this_endpoint_or_censoring,Homo sapiens,CDK2,P24941,507.1820000000001,-1.629000000000001,7,13,279.13,8,0.19742203378388068,3,SIMULATED_ACTIVITY_REAL_STRUCTURES,Kd — must not merge with IC50
SIM-006,dinaciclib,CC(C)c1nc(Nc2ccc(C(=O)N3CCN(C)CC3)cc2)nc(-c2cnn(C)c2)c1C#N,CC(C)c1nc(Nc2ccc(C(=O)N3CCN(C)CC3)cc2)nc(-c2cnn(C)c2)c1C#N,BNGZUQPDHJHANY-UHFFFAOYSA-N,Ki,=,1.0,nM,1.0,,not_defined_for_this_endpoint_or_censoring,Homo sapiens,CDK2,P24941,444.5430000000002,3.0033800000000017,1,7,102.97,5,0.6451636791066767,0,SIMULATED_ACTIVITY_REAL_STRUCTURES,Ki — separate endpoint
SIM-008,mouse_cdk2_assay,CC(C)n1cnc2c(NCc3ccccc3)nc(NCCC)nc21,CCCNc1nc(NCc2ccccc2)c2ncn(C(C)C)c2n1,AJVPHEOVRBMRIG-UHFFFAOYSA-N,IC50,=,500.0,nM,500.0,6.301029995663981,pIC50=-log10(IC50[M]) only for uncensored IC50,Mus musculus,Cdk2,P97377,324.43200000000013,3.8412000000000024,2,5,67.66,7,0.6909207675056399,0,SIMULATED_ACTIVITY_REAL_STRUCTURES,different organism/uniprot — keep separate
SIM-009,SNS-032,O=C(Nc1nc(Nc2ccccc2)nc2ccccc12)C1CCN(C(=O)C2CC2)CC1,O=C(Nc1nc(Nc2ccccc2)nc2ccccc12)C1CCN(C(=O)C2CC2)CC1,JRRKJFPXDUCXLD-UHFFFAOYSA-N,IC50,=,48.0,nM,48.0,7.318758762624412,pIC50=-log10(IC50[M]) only for uncensored IC50,Homo sapiens,CDK2,P24941,415.49700000000036,3.9605000000000024,2,5,87.22,5,0.6586364919233534,0,SIMULATED_ACTIVITY_REAL_STRUCTURES,canonical row
SIM-010,caffeine,Cn1c(=O)c2c(ncn2C)n(C)c1=O,Cn1c(=O)c2c(ncn2C)n(C)c1=O,RYYVLZVUVIJVGH-UHFFFAOYSA-N,IC50,=,500000.0,nM,500000.0,3.3010299956639813,pIC50=-log10(IC50[M]) only for uncensored IC50,Homo sapiens,CDK2,P24941,194.194,-1.0293,0,3,61.82,0,0.5384628262372215,0,SIMULATED_ACTIVITY_REAL_STRUCTURES,weak binder / negative-ish control context
