source_id,name,assay_type,PC1,PC2,pca_var_PC1,pca_var_PC2
SIM-001,staurosporine,IC50,-4.644777300016378,5.206782550713882,0.2499482820093134,0.17819504366844707
SIM-002,roscovitine,IC50,3.82802379730717,1.4183622895194639,0.2499482820093134,0.17819504366844707
SIM-003,flavopiridol,IC50,-2.936957930714594,-1.620528474656323,0.2499482820093134,0.17819504366844707
SIM-004,olomoucine,IC50,2.7845744748853005,0.948929035696852,0.2499482820093134,0.17819504366844707
SIM-005,ATP,Kd,0.47373019709192177,-1.9131062106395667,0.2499482820093134,0.17819504366844707
SIM-006,dinaciclib,Ki,-1.595253576099906,-3.223326292004168,0.2499482820093134,0.17819504366844707
SIM-008,mouse_cdk2_assay,IC50,3.74039561602587,1.305976600649225,0.2499482820093134,0.17819504366844707
SIM-009,SNS-032,IC50,-1.4402059695850775,-1.4525245266962645,0.2499482820093134,0.17819504366844707
SIM-010,caffeine,IC50,-0.2095293088943174,-0.6705649725831037,0.2499482820093134,0.17819504366844707
