compound_id,plate_id,well,sample_id,concentration_nM,percent_response,fitted,residual
CMP-A,P01,A02,CMP-A-3nM-tech1-P01,3.0,100.61917850982061,99.34447767439228,1.2747008354283338
CMP-A,P01,A03,CMP-A-10nM-tech1-P01,10.0,93.6554782474905,92.41941215247756,1.2360660950129443
CMP-A,P01,A04,CMP-A-30nM-tech1-P01,30.0,74.21590225311607,76.2605505456142,-2.044648292498124
CMP-A,P01,A05,CMP-A-100nM-tech1-P01,100.0,48.916442246860306,46.93205736559715,1.9843848812631535
CMP-A,P01,A06,CMP-A-300nM-tech1-P01,300.0,26.41412145905168,23.583183433720457,2.830938025331225
CMP-A,P01,A07,CMP-A-1000nM-tech1-P01,1000.0,10.294394478540385,11.153047057289097,-0.8586525787487123
CMP-A,P01,A08,CMP-A-3000nM-tech1-P01,3000.0,5.7802823072904586,7.200112145752629,-1.4198298384621708
CMP-A,P01,A09,CMP-A-10000nM-tech1-P01,10000.0,4.73725865980726,5.847543572918823,-1.1102849131115633
CMP-A,P01,B02,CMP-A-3nM-tech1-P01,3.0,100.34099188807873,99.34447767439228,0.9965142136864529
CMP-A,P01,B03,CMP-A-10nM-tech1-P01,10.0,94.36974293233256,92.41941215247756,1.950330779854994
CMP-A,P01,B04,CMP-A-30nM-tech1-P01,30.0,77.00766871661088,76.2605505456142,0.7471181709966856
CMP-A,P01,B05,CMP-A-100nM-tech1-P01,100.0,45.68873021899064,46.93205736559715,-1.2433271466065108
CMP-A,P01,B06,CMP-A-300nM-tech1-P01,300.0,24.641711947285064,23.583183433720457,1.0585285135646068
CMP-A,P01,B07,CMP-A-1000nM-tech1-P01,1000.0,13.758242195661158,11.153047057289097,2.6051951383720606
CMP-A,P01,B08,CMP-A-3000nM-tech1-P01,3000.0,7.796008624022523,7.200112145752629,0.5958964782698937
CMP-A,P01,B09,CMP-A-10000nM-tech1-P01,10000.0,1.3701396727749493,5.847543572918823,-4.477403900143874
CMP-A,P01,C02,CMP-A-3nM-tech2-P01,3.0,100.05538730644703,99.34447767439228,0.7109096320547508
CMP-A,P01,C03,CMP-A-10nM-tech2-P01,10.0,97.30178809607986,92.41941215247756,4.882375943602298
CMP-A,P01,C04,CMP-A-30nM-tech2-P01,30.0,73.41453715616585,76.2605505456142,-2.846013389448345
CMP-A,P01,C05,CMP-A-100nM-tech2-P01,100.0,41.43969937316824,46.93205736559715,-5.492357992428914
CMP-A,P01,C06,CMP-A-300nM-tech2-P01,300.0,20.99149247315159,23.583183433720457,-2.591690960568865
CMP-A,P01,C07,CMP-A-1000nM-tech2-P01,1000.0,14.63953609429462,11.153047057289097,3.486489037005523
CMP-A,P01,C08,CMP-A-3000nM-tech2-P01,3000.0,4.792272495779451,7.200112145752629,-2.4078396499731785
CMP-A,P01,C09,CMP-A-10000nM-tech2-P01,10000.0,5.200370930459257,5.847543572918823,-0.6471726424595667
CMP-A,P02,A02,CMP-A-3nM-tech1-P02,3.0,98.89321713492181,99.34447767439228,-0.45126053947046785
CMP-A,P02,A03,CMP-A-10nM-tech1-P02,10.0,92.49903304941355,92.41941215247756,0.07962089693599239
CMP-A,P02,A04,CMP-A-30nM-tech1-P02,30.0,78.28291266053591,76.2605505456142,2.0223621149217195
CMP-A,P02,A05,CMP-A-100nM-tech1-P02,100.0,46.11730150529664,46.93205736559715,-0.8147558603005152
CMP-A,P02,A06,CMP-A-300nM-tech1-P02,300.0,22.677194198276485,23.583183433720457,-0.9059892354439718
CMP-A,P02,A07,CMP-A-1000nM-tech1-P02,1000.0,2.2497414008796954,11.153047057289097,-8.903305656409401
CMP-A,P02,A08,CMP-A-3000nM-tech1-P02,3000.0,9.346160299130707,7.200112145752629,2.1460481533780777
CMP-A,P02,A09,CMP-A-10000nM-tech1-P02,10000.0,7.322714493459905,5.847543572918823,1.475170920541082
CMP-A,P02,B02,CMP-A-3nM-tech1-P02,3.0,95.72962367068826,99.34447767439228,-3.614854003704025
CMP-A,P02,B03,CMP-A-10nM-tech1-P02,10.0,87.4240615550475,92.41941215247756,-4.995350597430061
CMP-A,P02,B04,CMP-A-30nM-tech1-P02,30.0,76.62145142605367,76.2605505456142,0.3609008804394733
CMP-A,P02,B05,CMP-A-100nM-tech1-P02,100.0,49.458729686821755,46.93205736559715,2.526672321224602
CMP-A,P02,B06,CMP-A-300nM-tech1-P02,300.0,24.449782481713722,23.583183433720457,0.8665990479932653
CMP-A,P02,B07,CMP-A-1000nM-tech1-P02,1000.0,10.330095231482618,11.153047057289097,-0.822951825806479
CMP-A,P02,B08,CMP-A-3000nM-tech1-P02,3000.0,10.57103199467658,7.200112145752629,3.3709198489239514
CMP-A,P02,B09,CMP-A-10000nM-tech1-P02,10000.0,6.676549711058681,5.847543572918823,0.8290061381398575
CMP-A,P02,C02,CMP-A-3nM-tech2-P02,3.0,97.18160472370808,99.34447767439228,-2.1628729506842035
CMP-A,P02,C03,CMP-A-10nM-tech2-P02,10.0,94.14545922103582,92.41941215247756,1.726047068558259
CMP-A,P02,C04,CMP-A-30nM-tech2-P02,30.0,77.00809931598941,76.2605505456142,0.7475487703752179
CMP-A,P02,C05,CMP-A-100nM-tech2-P02,100.0,47.528532856403785,46.93205736559715,0.5964754908066325
CMP-A,P02,C06,CMP-A-300nM-tech2-P02,300.0,25.41836647792401,23.583183433720457,1.8351830442035535
CMP-A,P02,C07,CMP-A-1000nM-tech2-P02,1000.0,15.176249504751961,11.153047057289097,4.0232024474628645
CMP-A,P02,C08,CMP-A-3000nM-tech2-P02,3000.0,5.271473241888092,7.200112145752629,-1.9286389038645373
CMP-A,P02,C09,CMP-A-10000nM-tech2-P02,10000.0,8.621540567042215,5.847543572918823,2.773996994123392
CMP-B,P01,D02,CMP-B-3nM-tech1-P01,3.0,98.32382860735642,98.78904727916111,-0.465218671804692
CMP-B,P01,D03,CMP-B-10nM-tech1-P01,10.0,100.46723083026572,98.46106365423593,2.006167176029791
CMP-B,P01,D04,CMP-B-30nM-tech1-P01,30.0,95.10641024425446,96.83758801940992,-1.7311777751554587
CMP-B,P01,D05,CMP-B-100nM-tech1-P01,100.0,90.21176870679446,87.78140386639716,2.430364840397303
CMP-B,P01,D06,CMP-B-300nM-tech1-P01,300.0,64.28080133963464,61.01376952393916,3.267031815695475
CMP-B,P01,D07,CMP-B-1000nM-tech1-P01,1000.0,24.356348305620454,26.41917285695066,-2.0628245513302055
CMP-B,P01,D08,CMP-B-3000nM-tech1-P01,3000.0,12.474601672280919,14.239916600525026,-1.7653149282441074
CMP-B,P01,D09,CMP-B-10000nM-tech1-P01,10000.0,11.587741833009433,11.332818576751812,0.25492325625762113
CMP-B,P01,E02,CMP-B-3nM-tech1-P01,3.0,99.47101380419919,98.78904727916111,0.681966525038078
CMP-B,P01,E03,CMP-B-10nM-tech1-P01,10.0,101.49164057524492,98.46106365423593,3.0305769210089863
CMP-B,P01,E04,CMP-B-30nM-tech1-P01,30.0,98.60781511533047,96.83758801940992,1.7702270959205464
CMP-B,P01,E05,CMP-B-100nM-tech1-P01,100.0,82.31370439578178,87.78140386639716,-5.467699470615372
CMP-B,P01,E06,CMP-B-300nM-tech1-P01,300.0,62.42479709567756,61.01376952393916,1.4110275717384013
CMP-B,P01,E07,CMP-B-1000nM-tech1-P01,1000.0,23.141847375440232,26.41917285695066,-3.2773254815104274
CMP-B,P01,E08,CMP-B-3000nM-tech1-P01,3000.0,11.30937600969534,14.239916600525026,-2.930540590829686
CMP-B,P01,E09,CMP-B-10000nM-tech1-P01,10000.0,11.379843554873679,11.332818576751812,0.04702497812186657
CMP-B,P01,F02,CMP-B-3nM-tech2-P01,3.0,95.17732676690235,98.78904727916111,-3.6117205122587563
CMP-B,P01,F03,CMP-B-10nM-tech2-P01,10.0,96.77173601041605,98.46106365423593,-1.6893276438198797
CMP-B,P01,F04,CMP-B-30nM-tech2-P01,30.0,98.69242232385419,96.83758801940992,1.8548343044442674
CMP-B,P01,F05,CMP-B-100nM-tech2-P01,100.0,87.45192606329577,87.78140386639716,-0.3294778031013834
CMP-B,P01,F06,CMP-B-300nM-tech2-P01,300.0,58.07117546542274,61.01376952393916,-2.94259405851642
CMP-B,P01,F07,CMP-B-1000nM-tech2-P01,1000.0,23.39010450598629,26.41917285695066,-3.029068350964369
CMP-B,P01,F08,CMP-B-3000nM-tech2-P01,3000.0,10.487300316287662,14.239916600525026,-3.752616284237364
CMP-B,P01,F09,CMP-B-10000nM-tech2-P01,10000.0,11.300791751693193,11.332818576751812,-0.03202682505861887
CMP-B,P02,D02,CMP-B-3nM-tech1-P02,3.0,98.0600857809927,98.78904727916111,-0.7289614981684167
CMP-B,P02,D03,CMP-B-10nM-tech1-P02,10.0,101.89867706679188,98.46106365423593,3.4376134125559474
CMP-B,P02,D04,CMP-B-30nM-tech1-P02,30.0,99.09281866054828,96.83758801940992,2.255230641138354
CMP-B,P02,D05,CMP-B-100nM-tech1-P02,100.0,85.47014817535768,87.78140386639716,-2.3112556910394773
CMP-B,P02,D06,CMP-B-300nM-tech1-P02,300.0,59.646366786766144,61.01376952393916,-1.3674027371730162
CMP-B,P02,D07,CMP-B-1000nM-tech1-P02,1000.0,28.398064858348604,26.41917285695066,1.978892001397945
CMP-B,P02,D08,CMP-B-3000nM-tech1-P02,3000.0,16.97253491712757,14.239916600525026,2.7326183166025455
CMP-B,P02,D09,CMP-B-10000nM-tech1-P02,10000.0,12.993836924506322,11.332818576751812,1.66101834775451
CMP-B,P02,E02,CMP-B-3nM-tech1-P02,3.0,100.01092912056563,98.78904727916111,1.2218818414045245
CMP-B,P02,E03,CMP-B-10nM-tech1-P02,10.0,99.98831121191594,98.46106365423593,1.5272475576800133
CMP-B,P02,E04,CMP-B-30nM-tech1-P02,30.0,95.46698937736515,96.83758801940992,-1.3705986420447687
CMP-B,P02,E05,CMP-B-100nM-tech1-P02,100.0,88.2390446751964,87.78140386639716,0.4576408087992405
CMP-B,P02,E06,CMP-B-300nM-tech1-P02,300.0,62.06201164597667,61.01376952393916,1.0482421220375073
CMP-B,P02,E07,CMP-B-1000nM-tech1-P02,1000.0,26.38017406687463,26.41917285695066,-0.03899879007602891
CMP-B,P02,E08,CMP-B-3000nM-tech1-P02,3000.0,18.41175634102656,14.239916600525026,4.171839740501534
CMP-B,P02,E09,CMP-B-10000nM-tech1-P02,10000.0,13.422759664644072,11.332818576751812,2.08994108789226
CMP-B,P02,F02,CMP-B-3nM-tech2-P02,3.0,97.29198659223644,98.78904727916111,-1.4970606869246694
CMP-B,P02,F03,CMP-B-10nM-tech2-P02,10.0,96.39269204727553,98.46106365423593,-2.0683716069603975
CMP-B,P02,F04,CMP-B-30nM-tech2-P02,30.0,95.23802793712147,96.83758801940992,-1.5995600822884484
CMP-B,P02,F05,CMP-B-100nM-tech2-P02,100.0,87.61739352893963,87.78140386639716,-0.16401033745752613
CMP-B,P02,F06,CMP-B-300nM-tech2-P02,300.0,63.548704502303046,61.01376952393916,2.5349349783638857
CMP-B,P02,F07,CMP-B-1000nM-tech2-P02,1000.0,29.988174146727392,26.41917285695066,3.5690012897767325
CMP-B,P02,F08,CMP-B-3000nM-tech2-P02,3000.0,15.228776737736816,14.239916600525026,0.9888601372117893
CMP-B,P02,F09,CMP-B-10000nM-tech2-P02,10000.0,9.136864616552884,11.332818576751812,-2.1959539601989277
CMP-C,P01,G02,CMP-C-3nM-tech1-P01,3.0,103.8107888781485,100.36151326979342,3.44927560835508
CMP-C,P01,G03,CMP-C-10nM-tech1-P01,10.0,103.07842246087061,100.34704704175289,2.7313754191177253
CMP-C,P01,G04,CMP-C-30nM-tech1-P01,30.0,101.94653618985737,100.28456558583098,1.6619706040263935
CMP-C,P01,G05,CMP-C-100nM-tech1-P01,100.0,97.25218010293918,99.95102848987946,-2.698848386940284
CMP-C,P01,G06,CMP-C-300nM-tech1-P01,300.0,100.98945515352071,98.56709146992802,2.4223636835926925
CMP-C,P01,G07,CMP-C-1000nM-tech1-P01,1000.0,91.88823045682557,92.4568437091215,-0.5686132522959326
CMP-C,P01,G08,CMP-C-3000nM-tech1-P01,3000.0,77.19357036236393,78.9549361748172,-1.7613658124532776
CMP-C,P01,G09,CMP-C-10000nM-tech1-P01,10000.0,67.59537095144633,65.00146186403664,2.593909087409685
CMP-C,P01,H02,CMP-C-3nM-tech2-P01,3.0,101.45707337189243,100.36151326979342,1.0955601020990144
CMP-C,P01,H03,CMP-C-10nM-tech2-P01,10.0,98.91012943766907,100.34704704175289,-1.436917604083817
CMP-C,P01,H04,CMP-C-30nM-tech2-P01,30.0,99.31770011634553,100.28456558583098,-0.966865469485441
CMP-C,P01,H05,CMP-C-100nM-tech2-P01,100.0,101.09815102488768,99.95102848987946,1.1471225350082221
CMP-C,P01,H06,CMP-C-300nM-tech2-P01,300.0,98.61174866083839,98.56709146992802,0.044657190910371014
CMP-C,P01,H07,CMP-C-1000nM-tech2-P01,1000.0,95.74153709230552,92.4568437091215,3.2846933831840204
CMP-C,P01,H08,CMP-C-3000nM-tech2-P01,3000.0,83.63298144196426,78.9549361748172,4.678045267147056
CMP-C,P01,H09,CMP-C-10000nM-tech2-P01,10000.0,63.92648553213079,65.00146186403664,-1.0749763319058516
CMP-C,P02,G02,CMP-C-3nM-tech1-P02,3.0,98.30540566842345,100.36151326979342,-2.0561076013699733
CMP-C,P02,G03,CMP-C-10nM-tech1-P02,10.0,102.39796663652426,100.34704704175289,2.050919594771372
CMP-C,P02,G04,CMP-C-30nM-tech1-P02,30.0,101.10037892610373,100.28456558583098,0.8158133402727543
CMP-C,P02,G05,CMP-C-100nM-tech1-P02,100.0,96.59590638743813,99.95102848987946,-3.355122102441328
CMP-C,P02,G06,CMP-C-300nM-tech1-P02,300.0,100.21276017226076,98.56709146992802,1.6456687023327419
CMP-C,P02,G07,CMP-C-1000nM-tech1-P02,1000.0,90.04773610595967,92.4568437091215,-2.4091076031618286
CMP-C,P02,G08,CMP-C-3000nM-tech1-P02,3000.0,78.66741946543992,78.9549361748172,-0.2875167093772859
CMP-C,P02,G09,CMP-C-10000nM-tech1-P02,10000.0,65.84264523313365,65.00146186403664,0.8411833690970099
CMP-C,P02,H02,CMP-C-3nM-tech2-P02,3.0,100.35688086639784,100.36151326979342,-0.0046324033955755795
CMP-C,P02,H03,CMP-C-10nM-tech2-P02,10.0,97.90796327785694,100.34704704175289,-2.439083763895951
CMP-C,P02,H04,CMP-C-30nM-tech2-P02,30.0,98.24803697301947,100.28456558583098,-2.0365286128115088
CMP-C,P02,H05,CMP-C-100nM-tech2-P02,100.0,99.1842818111159,99.95102848987946,-0.7667466787635675
CMP-C,P02,H06,CMP-C-300nM-tech2-P02,300.0,97.9883960077,98.56709146992802,-0.578695462228012
CMP-C,P02,H07,CMP-C-1000nM-tech2-P02,1000.0,91.25127986169628,92.4568437091215,-1.2055638474252248
CMP-C,P02,H08,CMP-C-3000nM-tech2-P02,3000.0,76.54177909851856,78.9549361748172,-2.4131570762986456
CMP-C,P02,H09,CMP-C-10000nM-tech2-P02,10000.0,62.5987526494105,65.00146186403664,-2.4027092146261424
