plate_id,well,row,column,role,sample_id,compound_id,concentration_nM,replicate,batch,readout_RFU,readout_unit,data_origin,simulation_seed,exclude,exclude_reason,percent_response
P01,A01,A,1,NEG_CTRL,P01-NEG-A,,,,BATCH-1,1.1532273793417578,RFU,SIMULATED,20261006,False,,97.83764246481496
P01,A02,A,2,SAMPLE,CMP-A-3nM-tech1-P01,CMP-A,3.0,tech1,BATCH-1,1.178935615688043,RFU,SIMULATED,20261006,False,,100.61917850982061
P01,A03,A,3,SAMPLE,CMP-A-10nM-tech1-P01,CMP-A,10.0,tech1,BATCH-1,1.1145738927795388,RFU,SIMULATED,20261006,False,,93.6554782474905
P01,A04,A,4,SAMPLE,CMP-A-30nM-tech1-P01,CMP-A,30.0,tech1,BATCH-1,0.9349043842602148,RFU,SIMULATED,20261006,False,,74.21590225311607
P01,A05,A,5,SAMPLE,CMP-A-100nM-tech1-P01,CMP-A,100.0,tech1,BATCH-1,0.701075130656963,RFU,SIMULATED,20261006,False,,48.916442246860306
P01,A06,A,6,SAMPLE,CMP-A-300nM-tech1-P01,CMP-A,300.0,tech1,BATCH-1,0.4930983251103951,RFU,SIMULATED,20261006,False,,26.41412145905168
P01,A07,A,7,SAMPLE,CMP-A-1000nM-tech1-P01,CMP-A,1000.0,tech1,BATCH-1,0.3441123891572508,RFU,SIMULATED,20261006,False,,10.294394478540385
P01,A08,A,8,SAMPLE,CMP-A-3000nM-tech1-P01,CMP-A,3000.0,tech1,BATCH-1,0.3023908868238522,RFU,SIMULATED,20261006,False,,5.7802823072904586
P01,A09,A,9,SAMPLE,CMP-A-10000nM-tech1-P01,CMP-A,10000.0,tech1,BATCH-1,0.2927507822160372,RFU,SIMULATED,20261006,False,,4.73725865980726
P01,A10,A,10,BUFFER,P01-BUF-A10,,,,BATCH-1,0.0513157861742802,RFU,SIMULATED,20261006,False,,-21.385114534921204
P01,A11,A,11,BUFFER,P01-BUF-A11,,,,BATCH-1,0.0544164707470734,RFU,SIMULATED,20261006,False,,-21.04963193754484
P01,A12,A,12,POS_CTRL,P01-POS-A,,,,BATCH-1,0.2266266735503978,RFU,SIMULATED,20261006,False,,-2.417125220124813
P01,B01,B,1,NEG_CTRL,P01-NEG-B,,,,BATCH-1,1.1576912973584426,RFU,SIMULATED,20261006,False,,98.32062187647549
P01,B02,B,2,SAMPLE,CMP-A-3nM-tech1-P01,CMP-A,3.0,tech1,BATCH-1,1.1763644868928738,RFU,SIMULATED,20261006,False,,100.34099188807873
P01,B03,B,3,SAMPLE,CMP-A-10nM-tech1-P01,CMP-A,10.0,tech1,BATCH-1,1.121175455741376,RFU,SIMULATED,20261006,False,,94.36974293233256
P01,B04,B,4,SAMPLE,CMP-A-30nM-tech1-P01,CMP-A,30.0,tech1,BATCH-1,0.9607071748427872,RFU,SIMULATED,20261006,False,,77.00766871661088
P01,B05,B,5,SAMPLE,CMP-A-100nM-tech1-P01,CMP-A,100.0,tech1,BATCH-1,0.6712431305219254,RFU,SIMULATED,20261006,False,,45.68873021899064
P01,B06,B,6,SAMPLE,CMP-A-300nM-tech1-P01,CMP-A,300.0,tech1,BATCH-1,0.4767169006407339,RFU,SIMULATED,20261006,False,,24.641711947285064
P01,B07,B,7,SAMPLE,CMP-A-1000nM-tech1-P01,CMP-A,1000.0,tech1,BATCH-1,0.3761268640151886,RFU,SIMULATED,20261006,False,,13.758242195661158
P01,B08,B,8,SAMPLE,CMP-A-3000nM-tech1-P01,CMP-A,3000.0,tech1,BATCH-1,0.3210211571929962,RFU,SIMULATED,20261006,False,,7.796008624022523
P01,B09,B,9,SAMPLE,CMP-A-10000nM-tech1-P01,CMP-A,10000.0,tech1,BATCH-1,0.2616303188015445,RFU,SIMULATED,20261006,False,,1.3701396727749493
P01,B10,B,10,BUFFER,P01-BUF-B10,,,,BATCH-1,0.0575316554071971,RFU,SIMULATED,20261006,False,,-20.71258048437369
P01,B11,B,11,BUFFER,P01-BUF-B11,,,,BATCH-1,0.0577328071679367,RFU,SIMULATED,20261006,False,,-20.690816608179418
P01,B12,B,12,POS_CTRL,P01-POS-B,,,,BATCH-1,0.2985210467599758,RFU,SIMULATED,20261006,False,,5.361579931869265
P01,C01,C,1,NEG_CTRL,P01-NEG-C,,,,BATCH-1,1.173266462721835,RFU,SIMULATED,20261006,False,,100.00579713632796
P01,C02,C,2,SAMPLE,CMP-A-3nM-tech2-P01,CMP-A,3.0,tech2,BATCH-1,1.1737247978982432,RFU,SIMULATED,20261006,False,,100.05538730644703
P01,C03,C,3,SAMPLE,CMP-A-10nM-tech2-P01,CMP-A,10.0,tech2,BATCH-1,1.1482747666357795,RFU,SIMULATED,20261006,False,,97.30178809607986
P01,C04,C,4,SAMPLE,CMP-A-30nM-tech2-P01,CMP-A,30.0,tech2,BATCH-1,0.9274977992011963,RFU,SIMULATED,20261006,False,,73.41453715616585
P01,C05,C,5,SAMPLE,CMP-A-100nM-tech2-P01,CMP-A,100.0,tech2,BATCH-1,0.6319716318033688,RFU,SIMULATED,20261006,False,,41.43969937316824
P01,C06,C,6,SAMPLE,CMP-A-300nM-tech2-P01,CMP-A,300.0,tech2,BATCH-1,0.4429798922257862,RFU,SIMULATED,20261006,False,,20.99149247315159
P01,C07,C,7,SAMPLE,CMP-A-1000nM-tech2-P01,CMP-A,1000.0,tech2,BATCH-1,0.3842721878470651,RFU,SIMULATED,20261006,False,,14.63953609429462
P01,C08,C,8,SAMPLE,CMP-A-3000nM-tech2-P01,CMP-A,3000.0,tech2,BATCH-1,0.2932592454085341,RFU,SIMULATED,20261006,False,,4.792272495779451
P01,C09,C,9,SAMPLE,CMP-A-10000nM-tech2-P01,CMP-A,10000.0,tech2,BATCH-1,0.2970310789715524,RFU,SIMULATED,20261006,False,,5.200370930459257
P01,C10,C,10,BUFFER,P01-BUF-C10,,,,BATCH-1,0.0515453055032868,RFU,SIMULATED,20261006,False,,-21.360281392808382
P01,C11,C,11,BUFFER,P01-BUF-C11,,,,BATCH-1,0.0527353305348457,RFU,SIMULATED,20261006,False,,-21.231525087819055
P01,C12,C,12,POS_CTRL,P01-POS-C,,,,BATCH-1,0.2484476125336637,RFU,SIMULATED,20261006,False,,-0.0561803657107305
P01,D01,D,1,NEG_CTRL,P01-NEG-D,,,,BATCH-1,1.1764127593537457,RFU,SIMULATED,20261006,False,,100.34621478972346
P01,D02,D,2,SAMPLE,CMP-B-3nM-tech1-P01,CMP-B,3.0,tech1,BATCH-1,1.1577209354411608,RFU,SIMULATED,20261006,False,,98.32382860735642
P01,D03,D,3,SAMPLE,CMP-B-10nM-tech1-P01,CMP-B,10.0,tech1,BATCH-1,1.1775312452987825,RFU,SIMULATED,20261006,False,,100.46723083026572
P01,D04,D,4,SAMPLE,CMP-B-30nM-tech1-P01,CMP-B,30.0,tech1,BATCH-1,1.1279840740936262,RFU,SIMULATED,20261006,False,,95.10641024425446
P01,D05,D,5,SAMPLE,CMP-B-100nM-tech1-P01,CMP-B,100.0,tech1,BATCH-1,1.0827455442168326,RFU,SIMULATED,20261006,False,,90.21176870679446
P01,D06,D,6,SAMPLE,CMP-B-300nM-tech1-P01,CMP-B,300.0,tech1,BATCH-1,0.8430796089291241,RFU,SIMULATED,20261006,False,,64.28080133963464
P01,D07,D,7,SAMPLE,CMP-B-1000nM-tech1-P01,CMP-B,1000.0,tech1,BATCH-1,0.4740794385241732,RFU,SIMULATED,20261006,False,,24.356348305620454
P01,D08,D,8,SAMPLE,CMP-B-3000nM-tech1-P01,CMP-B,3000.0,tech1,BATCH-1,0.3642628674949992,RFU,SIMULATED,20261006,False,,12.474601672280919
P01,D09,D,9,SAMPLE,CMP-B-10000nM-tech1-P01,CMP-B,10000.0,tech1,BATCH-1,0.3560661006779891,RFU,SIMULATED,20261006,False,,11.587741833009433
P01,D10,D,10,BUFFER,P01-BUF-D10,,,,BATCH-1,0.0598944912550901,RFU,SIMULATED,20261006,False,,-20.456930388784947
P01,D11,D,11,BUFFER,P01-BUF-D11,,,,BATCH-1,0.0508336681714621,RFU,SIMULATED,20261006,False,,-21.437277918854715
P01,D12,D,12,POS_CTRL,P01-POS-D,,,,BATCH-1,0.2619759799722091,RFU,SIMULATED,20261006,False,,1.407538932397881
P01,E01,E,1,NEG_CTRL,P01-NEG-E,,,,BATCH-1,1.1990875748961851,RFU,SIMULATED,20261006,False,,102.79954592825811
P01,E02,E,2,SAMPLE,CMP-B-3nM-tech1-P01,CMP-B,3.0,tech1,BATCH-1,1.1683237490291234,RFU,SIMULATED,20261006,False,,99.47101380419919
P01,E03,E,3,SAMPLE,CMP-B-10nM-tech1-P01,CMP-B,10.0,tech1,BATCH-1,1.1869993116524973,RFU,SIMULATED,20261006,False,,101.49164057524492
P01,E04,E,4,SAMPLE,CMP-B-30nM-tech1-P01,CMP-B,30.0,tech1,BATCH-1,1.1603456694543195,RFU,SIMULATED,20261006,False,,98.60781511533047
P01,E05,E,5,SAMPLE,CMP-B-100nM-tech1-P01,CMP-B,100.0,tech1,BATCH-1,1.009747998723849,RFU,SIMULATED,20261006,False,,82.31370439578178
P01,E06,E,6,SAMPLE,CMP-B-300nM-tech1-P01,CMP-B,300.0,tech1,BATCH-1,0.8259255634695911,RFU,SIMULATED,20261006,False,,62.42479709567756
P01,E07,E,7,SAMPLE,CMP-B-1000nM-tech1-P01,CMP-B,1000.0,tech1,BATCH-1,0.4628544619462433,RFU,SIMULATED,20261006,False,,23.141847375440232
P01,E08,E,8,SAMPLE,CMP-B-3000nM-tech1-P01,CMP-B,3000.0,tech1,BATCH-1,0.353493315619411,RFU,SIMULATED,20261006,False,,11.30937600969534
P01,E09,E,9,SAMPLE,CMP-B-10000nM-tech1-P01,CMP-B,10000.0,tech1,BATCH-1,0.3541446091050518,RFU,SIMULATED,20261006,False,,11.379843554873679
P01,E10,E,10,BUFFER,P01-BUF-E10,,,,BATCH-1,0.0527315367613925,RFU,SIMULATED,20261006,False,,-21.231935560068663
P01,E11,E,11,BUFFER,P01-BUF-E11,,,,BATCH-1,0.0573272014990728,RFU,SIMULATED,20261006,False,,-20.734701640696112
P01,E12,E,12,POS_CTRL,P01-POS-E,,,,BATCH-1,0.2494861021281491,RFU,SIMULATED,20261006,False,,0.0561803657107305
P01,F01,F,1,NEG_CTRL,P01-NEG-F,,,,BATCH-1,1.1569644356313562,RFU,SIMULATED,20261006,False,,98.24197812719636
P01,F02,F,2,SAMPLE,CMP-B-3nM-tech2-P01,CMP-B,3.0,tech2,BATCH-1,1.1286395172356851,RFU,SIMULATED,20261006,False,,95.17732676690235
P01,F03,F,3,SAMPLE,CMP-B-10nM-tech2-P01,CMP-B,10.0,tech2,BATCH-1,1.1433757813004812,RFU,SIMULATED,20261006,False,,96.77173601041605
P01,F04,F,4,SAMPLE,CMP-B-30nM-tech2-P01,CMP-B,30.0,tech2,BATCH-1,1.1611276482164616,RFU,SIMULATED,20261006,False,,98.69242232385419
P01,F05,F,5,SAMPLE,CMP-B-100nM-tech2-P01,CMP-B,100.0,tech2,BATCH-1,1.0572378082717906,RFU,SIMULATED,20261006,False,,87.45192606329577
P01,F06,F,6,SAMPLE,CMP-B-300nM-tech2-P01,CMP-B,300.0,tech2,BATCH-1,0.7856873885827858,RFU,SIMULATED,20261006,False,,58.07117546542274
P01,F07,F,7,SAMPLE,CMP-B-1000nM-tech2-P01,CMP-B,1000.0,tech2,BATCH-1,0.4651489686085561,RFU,SIMULATED,20261006,False,,23.39010450598629
P01,F08,F,8,SAMPLE,CMP-B-3000nM-tech2-P01,CMP-B,3000.0,tech2,BATCH-1,0.3458953136957588,RFU,SIMULATED,20261006,False,,10.487300316287662
P01,F09,F,9,SAMPLE,CMP-B-10000nM-tech2-P01,CMP-B,10000.0,tech2,BATCH-1,0.3534139759559999,RFU,SIMULATED,20261006,False,,11.300791751693193
P01,F10,F,10,BUFFER,P01-BUF-F10,,,,BATCH-1,0.0625636968837708,RFU,SIMULATED,20261006,False,,-20.16813221656882
P01,F11,F,11,BUFFER,P01-BUF-F11,,,,BATCH-1,0.0504483145369376,RFU,SIMULATED,20261006,False,,-21.478971756194074
P01,F12,F,12,POS_CTRL,P01-POS-F,,,,BATCH-1,0.2560853806016098,RFU,SIMULATED,20261006,False,,0.7701978773636939
P01,G01,G,1,NEG_CTRL,P01-NEG-G,,,,BATCH-1,1.1731593031176168,RFU,SIMULATED,20261006,False,,99.99420286367204
P01,G02,G,2,SAMPLE,CMP-C-3nM-tech1-P01,CMP-C,3.0,tech1,BATCH-1,1.2084339476695942,RFU,SIMULATED,20261006,False,,103.8107888781485
P01,G03,G,3,SAMPLE,CMP-C-10nM-tech1-P01,CMP-C,10.0,tech1,BATCH-1,1.201665080165156,RFU,SIMULATED,20261006,False,,103.07842246087061
P01,G04,G,4,SAMPLE,CMP-C-30nM-tech1-P01,CMP-C,30.0,tech1,BATCH-1,1.1912036662911307,RFU,SIMULATED,20261006,False,,101.94653618985737
P01,G05,G,5,SAMPLE,CMP-C-100nM-tech1-P01,CMP-C,100.0,tech1,BATCH-1,1.1478162667308025,RFU,SIMULATED,20261006,False,,97.25218010293918
P01,G06,G,6,SAMPLE,CMP-C-300nM-tech1-P01,CMP-C,300.0,tech1,BATCH-1,1.1823578828511248,RFU,SIMULATED,20261006,False,,100.98945515352071
P01,G07,G,7,SAMPLE,CMP-C-1000nM-tech1-P01,CMP-C,1000.0,tech1,BATCH-1,1.098240175312012,RFU,SIMULATED,20261006,False,,91.88823045682557
P01,G08,G,8,SAMPLE,CMP-C-3000nM-tech1-P01,CMP-C,3000.0,tech1,BATCH-1,0.9624253634151638,RFU,SIMULATED,20261006,False,,77.19357036236393
P01,G09,G,9,SAMPLE,CMP-C-10000nM-tech1-P01,CMP-C,10000.0,tech1,BATCH-1,0.8737143868316686,RFU,SIMULATED,20261006,False,,67.59537095144633
P01,G10,G,10,BUFFER,P01-BUF-G10,,,,BATCH-1,0.0541494321594633,RFU,SIMULATED,20261006,False,,-21.078524524606813
P01,G11,G,11,BUFFER,P01-BUF-G11,,,,BATCH-1,0.0549954548982028,RFU,SIMULATED,20261006,False,,-20.98698799479588
P01,G12,G,12,POS_CTRL,P01-POS-G,,,,BATCH-1,0.2180569208372719,RFU,SIMULATED,20261006,False,,-3.3443407532039275
P01,H01,H,1,NEG_CTRL,P01-NEG-H,,,,BATCH-1,1.2117653509359876,RFU,SIMULATED,20261006,False,,104.17123438444874
P01,H02,H,2,SAMPLE,CMP-C-3nM-tech2-P01,CMP-C,3.0,tech2,BATCH-1,1.1866798256493547,RFU,SIMULATED,20261006,False,,101.45707337189243
P01,H03,H,3,SAMPLE,CMP-C-10nM-tech2-P01,CMP-C,10.0,tech2,BATCH-1,1.1631397975633198,RFU,SIMULATED,20261006,False,,98.91012943766907
P01,H04,H,4,SAMPLE,CMP-C-30nM-tech2-P01,CMP-C,30.0,tech2,BATCH-1,1.1669067533624524,RFU,SIMULATED,20261006,False,,99.31770011634553
P01,H05,H,5,SAMPLE,CMP-C-100nM-tech2-P01,CMP-C,100.0,tech2,BATCH-1,1.1833625001222132,RFU,SIMULATED,20261006,False,,101.09815102488768
P01,H06,H,6,SAMPLE,CMP-C-300nM-tech2-P01,CMP-C,300.0,tech2,BATCH-1,1.1603820250923411,RFU,SIMULATED,20261006,False,,98.61174866083839
P01,H07,H,7,SAMPLE,CMP-C-1000nM-tech2-P01,CMP-C,1000.0,tech2,BATCH-1,1.1338542087441856,RFU,SIMULATED,20261006,False,,95.74153709230552
P01,H08,H,8,SAMPLE,CMP-C-3000nM-tech2-P01,CMP-C,3000.0,tech2,BATCH-1,1.0219413643896962,RFU,SIMULATED,20261006,False,,83.63298144196426
P01,H09,H,9,SAMPLE,CMP-C-10000nM-tech2-P01,CMP-C,10000.0,tech2,BATCH-1,0.839804859160237,RFU,SIMULATED,20261006,False,,63.92648553213079
P01,H10,H,10,BUFFER,P01-BUF-H10,,,,BATCH-1,0.0546589704381888,RFU,SIMULATED,20261006,False,,-21.023394368282812
P01,H11,H,11,BUFFER,P01-BUF-H11,,,,BATCH-1,,RFU,SIMULATED,20261006,True,missing_readout,
P01,H12,H,12,POS_CTRL,P01-POS-H,,,,BATCH-1,0.229824149499126,RFU,SIMULATED,20261006,False,,-2.071170154027435
P02,A01,A,1,NEG_CTRL,P02-NEG-A,,,,BATCH-2,1.5548002481538732,RFU,SIMULATED,20261006,True,edge_control_outlier,
P02,A02,A,2,SAMPLE,CMP-A-3nM-tech1-P02,CMP-A,3.0,tech1,BATCH-2,1.1917774853926997,RFU,SIMULATED,20261006,False,,98.89321713492181
P02,A03,A,3,SAMPLE,CMP-A-10nM-tech1-P02,CMP-A,10.0,tech1,BATCH-2,1.131390264103399,RFU,SIMULATED,20261006,False,,92.49903304941355
P02,A04,A,4,SAMPLE,CMP-A-30nM-tech1-P02,CMP-A,30.0,tech1,BATCH-2,0.9971320074879648,RFU,SIMULATED,20261006,False,,78.28291266053591
P02,A05,A,5,SAMPLE,CMP-A-100nM-tech1-P02,CMP-A,100.0,tech1,BATCH-2,0.6933572251604969,RFU,SIMULATED,20261006,False,,46.11730150529664
P02,A06,A,6,SAMPLE,CMP-A-300nM-tech1-P02,CMP-A,300.0,tech1,BATCH-2,0.4719868473194802,RFU,SIMULATED,20261006,False,,22.677194198276485
P02,A07,A,7,SAMPLE,CMP-A-1000nM-tech1-P02,CMP-A,1000.0,tech1,BATCH-2,0.2790682362884231,RFU,SIMULATED,20261006,False,,2.2497414008796954
P02,A08,A,8,SAMPLE,CMP-A-3000nM-tech1-P02,CMP-A,3000.0,tech1,BATCH-2,0.3460874231994605,RFU,SIMULATED,20261006,False,,9.346160299130707
P02,A09,A,9,SAMPLE,CMP-A-10000nM-tech1-P02,CMP-A,10000.0,tech1,BATCH-2,0.3269778279798169,RFU,SIMULATED,20261006,False,,7.322714493459905
P02,A10,A,10,BUFFER,P02-BUF-A10,,,,BATCH-2,0.0522510262378075,RFU,SIMULATED,20261006,False,,-21.76711123549082
P02,A11,A,11,BUFFER,P02-BUF-A11,,,,BATCH-2,0.0513627791795605,RFU,SIMULATED,20261006,False,,-21.86116449845904
P02,A12,A,12,POS_CTRL,P02-POS-A,,,,BATCH-2,0.5908922036772235,RFU,SIMULATED,20261006,True,edge_control_outlier,
P02,B01,B,1,NEG_CTRL,P02-NEG-B,,,,BATCH-2,1.240817753218746,RFU,SIMULATED,20261006,False,,104.08591342707471
P02,B02,B,2,SAMPLE,CMP-A-3nM-tech1-P02,CMP-A,3.0,tech1,BATCH-2,1.1619002381881611,RFU,SIMULATED,20261006,False,,95.72962367068826
P02,B03,B,3,SAMPLE,CMP-A-10nM-tech1-P02,CMP-A,10.0,tech1,BATCH-2,1.0834617993346505,RFU,SIMULATED,20261006,False,,87.4240615550475
P02,B04,B,4,SAMPLE,CMP-A-30nM-tech1-P02,CMP-A,30.0,tech1,BATCH-2,0.9814410255130068,RFU,SIMULATED,20261006,False,,76.62145142605367
P02,B05,B,5,SAMPLE,CMP-A-100nM-tech1-P02,CMP-A,100.0,tech1,BATCH-2,0.7249139586423143,RFU,SIMULATED,20261006,False,,49.458729686821755
P02,B06,B,6,SAMPLE,CMP-A-300nM-tech1-P02,CMP-A,300.0,tech1,BATCH-2,0.4887273226475748,RFU,SIMULATED,20261006,False,,24.449782481713722
P02,B07,B,7,SAMPLE,CMP-A-1000nM-tech1-P02,CMP-A,1000.0,tech1,BATCH-2,0.355379788839804,RFU,SIMULATED,20261006,False,,10.330095231482618
P02,B08,B,8,SAMPLE,CMP-A-3000nM-tech1-P02,CMP-A,3000.0,tech1,BATCH-2,0.3576552162346293,RFU,SIMULATED,20261006,False,,10.57103199467658
P02,B09,B,9,SAMPLE,CMP-A-10000nM-tech1-P02,CMP-A,10000.0,tech1,BATCH-2,0.3208753925193411,RFU,SIMULATED,20261006,False,,6.676549711058681
P02,B10,B,10,BUFFER,P02-BUF-B10,,,,BATCH-2,0.0535473590996293,RFU,SIMULATED,20261006,False,,-21.629847245235805
P02,B11,B,11,BUFFER,P02-BUF-B11,,,,BATCH-2,0.0557238097376956,RFU,SIMULATED,20261006,False,,-21.399390772232245
P02,B12,B,12,POS_CTRL,P02-POS-B,,,,BATCH-2,0.2599634735049238,RFU,SIMULATED,20261006,False,,0.22680728436479083
P02,C01,C,1,NEG_CTRL,P02-NEG-C,,,,BATCH-2,1.2060164397591824,RFU,SIMULATED,20261006,False,,100.40092842649227
P02,C02,C,2,SAMPLE,CMP-A-3nM-tech2-P02,CMP-A,3.0,tech2,BATCH-2,1.1756128714161127,RFU,SIMULATED,20261006,False,,97.18160472370808
P02,C03,C,3,SAMPLE,CMP-A-10nM-tech2-P02,CMP-A,10.0,tech2,BATCH-2,1.1469392536590144,RFU,SIMULATED,20261006,False,,94.14545922103582
P02,C04,C,4,SAMPLE,CMP-A-30nM-tech2-P02,CMP-A,30.0,tech2,BATCH-2,0.9850925612489748,RFU,SIMULATED,20261006,False,,77.00809931598941
P02,C05,C,5,SAMPLE,CMP-A-100nM-tech2-P02,CMP-A,100.0,tech2,BATCH-2,0.7066850147189566,RFU,SIMULATED,20261006,False,,47.528532856403785
P02,C06,C,6,SAMPLE,CMP-A-300nM-tech2-P02,CMP-A,300.0,tech2,BATCH-2,0.4978747127342924,RFU,SIMULATED,20261006,False,,25.41836647792401
P02,C07,C,7,SAMPLE,CMP-A-1000nM-tech2-P02,CMP-A,1000.0,tech2,BATCH-2,0.4011472842056719,RFU,SIMULATED,20261006,False,,15.176249504751961
P02,C08,C,8,SAMPLE,CMP-A-3000nM-tech2-P02,CMP-A,3000.0,tech2,BATCH-2,0.3076057301922126,RFU,SIMULATED,20261006,False,,5.271473241888092
P02,C09,C,9,SAMPLE,CMP-A-10000nM-tech2-P02,CMP-A,10000.0,tech2,BATCH-2,0.3392440524852213,RFU,SIMULATED,20261006,False,,8.621540567042215
P02,C10,C,10,BUFFER,P02-BUF-C10,,,,BATCH-2,0.0517833552035206,RFU,SIMULATED,20261006,False,,-21.816631226986445
P02,C11,C,11,BUFFER,P02-BUF-C11,,,,BATCH-2,0.0538699998878537,RFU,SIMULATED,20261006,False,,-21.595683981065772
P02,C12,C,12,POS_CTRL,P02-POS-C,,,,BATCH-2,0.2556794987279063,RFU,SIMULATED,20261006,False,,-0.22680728436479672
P02,D01,D,1,NEG_CTRL,P02-NEG-D,,,,BATCH-2,1.233113424133227,RFU,SIMULATED,20261006,False,,103.2701299322168
P02,D02,D,2,SAMPLE,CMP-B-3nM-tech1-P02,CMP-B,3.0,tech1,BATCH-2,1.183909321642645,RFU,SIMULATED,20261006,False,,98.0600857809927
P02,D03,D,3,SAMPLE,CMP-B-10nM-tech1-P02,CMP-B,10.0,tech1,BATCH-2,1.2201613059951273,RFU,SIMULATED,20261006,False,,101.89867706679188
P02,D04,D,4,SAMPLE,CMP-B-30nM-tech1-P02,CMP-B,30.0,tech1,BATCH-2,1.1936625392692382,RFU,SIMULATED,20261006,False,,99.09281866054828
P02,D05,D,5,SAMPLE,CMP-B-100nM-tech1-P02,CMP-B,100.0,tech1,BATCH-2,1.0650088742918964,RFU,SIMULATED,20261006,False,,85.47014817535768
P02,D06,D,6,SAMPLE,CMP-B-300nM-tech1-P02,CMP-B,300.0,tech1,BATCH-2,0.8211268745894362,RFU,SIMULATED,20261006,False,,59.646366786766144
P02,D07,D,7,SAMPLE,CMP-B-1000nM-tech1-P02,CMP-B,1000.0,tech1,BATCH-2,0.5260152390419218,RFU,SIMULATED,20261006,False,,28.398064858348604
P02,D08,D,8,SAMPLE,CMP-B-3000nM-tech1-P02,CMP-B,3000.0,tech1,BATCH-2,0.4181115572458727,RFU,SIMULATED,20261006,False,,16.97253491712757
P02,D09,D,9,SAMPLE,CMP-B-10000nM-tech1-P02,CMP-B,10000.0,tech1,BATCH-2,0.3805363931732203,RFU,SIMULATED,20261006,False,,12.993836924506322
P02,D10,D,10,BUFFER,P02-BUF-D10,,,,BATCH-2,0.0560115164366562,RFU,SIMULATED,20261006,False,,-21.368926552211672
P02,D11,D,11,BUFFER,P02-BUF-D11,,,,BATCH-2,0.0512503960347215,RFU,SIMULATED,20261006,False,,-21.873064342513235
P02,D12,D,12,POS_CTRL,P02-POS-D,,,,BATCH-2,0.2813580135753769,RFU,SIMULATED,20261006,False,,2.492197622162928
P02,E01,E,1,NEG_CTRL,P02-NEG-E,,,,BATCH-2,1.1795126483024,RFU,SIMULATED,20261006,False,,97.5945379696985
P02,E02,E,2,SAMPLE,CMP-B-3nM-tech1-P02,CMP-B,3.0,tech1,BATCH-2,1.202333252964007,RFU,SIMULATED,20261006,False,,100.01092912056563
P02,E03,E,3,SAMPLE,CMP-B-10nM-tech1-P02,CMP-B,10.0,tech1,BATCH-2,1.2021196475005944,RFU,SIMULATED,20261006,False,,99.98831121191594
P02,E04,E,4,SAMPLE,CMP-B-30nM-tech1-P02,CMP-B,30.0,tech1,BATCH-2,1.1594198974633756,RFU,SIMULATED,20261006,False,,95.46698937736515
P02,E05,E,5,SAMPLE,CMP-B-100nM-tech1-P02,CMP-B,100.0,tech1,BATCH-2,1.091158569612975,RFU,SIMULATED,20261006,False,,88.2390446751964
P02,E06,E,6,SAMPLE,CMP-B-300nM-tech1-P02,CMP-B,300.0,tech1,BATCH-2,0.8439404312088203,RFU,SIMULATED,20261006,False,,62.06201164597667
P02,E07,E,7,SAMPLE,CMP-B-1000nM-tech1-P02,CMP-B,1000.0,tech1,BATCH-2,0.5069581058513789,RFU,SIMULATED,20261006,False,,26.38017406687463
P02,E08,E,8,SAMPLE,CMP-B-3000nM-tech1-P02,CMP-B,3000.0,tech1,BATCH-2,0.4317036874452932,RFU,SIMULATED,20261006,False,,18.41175634102656
P02,E09,E,9,SAMPLE,CMP-B-10000nM-tech1-P02,CMP-B,10000.0,tech1,BATCH-2,0.3845871762095446,RFU,SIMULATED,20261006,False,,13.422759664644072
P02,E10,E,10,BUFFER,P02-BUF-E10,,,,BATCH-2,0.0524934023690812,RFU,SIMULATED,20261006,False,,-21.74144690505454
P02,E11,E,11,BUFFER,P02-BUF-E11,,,,BATCH-2,0.0536169311318263,RFU,SIMULATED,20261006,False,,-21.62248051479892
P02,E12,E,12,POS_CTRL,P02-POS-E,,,,BATCH-2,0.2480191116808171,RFU,SIMULATED,20261006,False,,-1.0379379159709547
P02,F01,F,1,NEG_CTRL,P02-NEG-F,,,,BATCH-2,1.1670437445243744,RFU,SIMULATED,20261006,False,,96.2742509222249
P02,F02,F,2,SAMPLE,CMP-B-3nM-tech2-P02,CMP-B,3.0,tech2,BATCH-2,1.1766553272215774,RFU,SIMULATED,20261006,False,,97.29198659223644
P02,F03,F,3,SAMPLE,CMP-B-10nM-tech2-P02,CMP-B,10.0,tech2,BATCH-2,1.1681623126376066,RFU,SIMULATED,20261006,False,,96.39269204727553
P02,F04,F,4,SAMPLE,CMP-B-30nM-tech2-P02,CMP-B,30.0,tech2,BATCH-2,1.1572575660425384,RFU,SIMULATED,20261006,False,,95.23802793712147
P02,F05,F,5,SAMPLE,CMP-B-100nM-tech2-P02,CMP-B,100.0,tech2,BATCH-2,1.0852876430284817,RFU,SIMULATED,20261006,False,,87.61739352893963
P02,F06,F,6,SAMPLE,CMP-B-300nM-tech2-P02,CMP-B,300.0,tech2,BATCH-2,0.857980885675509,RFU,SIMULATED,20261006,False,,63.548704502303046
P02,F07,F,7,SAMPLE,CMP-B-1000nM-tech2-P02,CMP-B,1000.0,tech2,BATCH-2,0.541032367136361,RFU,SIMULATED,20261006,False,,29.988174146727392
P02,F08,F,8,SAMPLE,CMP-B-3000nM-tech2-P02,CMP-B,3000.0,tech2,BATCH-2,0.4016433558857413,RFU,SIMULATED,20261006,False,,15.228776737736816
P02,F09,F,9,SAMPLE,CMP-B-10000nM-tech2-P02,CMP-B,10000.0,tech2,BATCH-2,0.3441108168756972,RFU,SIMULATED,20261006,False,,9.136864616552884
P02,F10,F,10,BUFFER,P02-BUF-F10,,,,BATCH-2,0.0569901103619539,RFU,SIMULATED,20261006,False,,-21.26530678680905
P02,F11,F,11,BUFFER,P02-BUF-F11,,,,BATCH-2,0.054936685426875,RFU,SIMULATED,20261006,False,,-21.482736513832997
P02,F12,F,12,POS_CTRL,P02-POS-F,,,,BATCH-2,0.2380827291639279,RFU,SIMULATED,20261006,False,,-2.0900654621720682
P02,G01,G,1,NEG_CTRL,P02-NEG-G,,,,BATCH-2,1.1984436350704244,RFU,SIMULATED,20261006,False,,99.59907157350773
P02,G02,G,2,SAMPLE,CMP-C-3nM-tech1-P02,CMP-C,3.0,tech1,BATCH-2,1.1862261436375767,RFU,SIMULATED,20261006,False,,98.30540566842345
P02,G03,G,3,SAMPLE,CMP-C-10nM-tech1-P02,CMP-C,10.0,tech1,BATCH-2,1.2248766393874209,RFU,SIMULATED,20261006,False,,102.39796663652426
P02,G04,G,4,SAMPLE,CMP-C-30nM-tech1-P02,CMP-C,30.0,tech1,BATCH-2,1.2126221100896124,RFU,SIMULATED,20261006,False,,101.10037892610373
P02,G05,G,5,SAMPLE,CMP-C-100nM-tech1-P02,CMP-C,100.0,tech1,BATCH-2,1.170081486243567,RFU,SIMULATED,20261006,False,,96.59590638743813
P02,G06,G,6,SAMPLE,CMP-C-300nM-tech1-P02,CMP-C,300.0,tech1,BATCH-2,1.2042393626753911,RFU,SIMULATED,20261006,False,,100.21276017226076
P02,G07,G,7,SAMPLE,CMP-C-1000nM-tech1-P02,CMP-C,1000.0,tech1,BATCH-2,1.1082400061517046,RFU,SIMULATED,20261006,False,,90.04773610595967
P02,G08,G,8,SAMPLE,CMP-C-3000nM-tech1-P02,CMP-C,3000.0,tech1,BATCH-2,1.0007633226338026,RFU,SIMULATED,20261006,False,,78.66741946543992
P02,G09,G,9,SAMPLE,CMP-C-10000nM-tech1-P02,CMP-C,10000.0,tech1,BATCH-2,0.8796450580991899,RFU,SIMULATED,20261006,False,,65.84264523313365
P02,G10,G,10,BUFFER,P02-BUF-G10,,,,BATCH-2,0.0555704953673127,RFU,SIMULATED,20261006,False,,-21.415624675469576
P02,G11,G,11,BUFFER,P02-BUF-G11,,,,BATCH-2,0.0533197197441011,RFU,SIMULATED,20261006,False,,-21.653951151878243
P02,G12,G,12,POS_CTRL,P02-POS-G,,,,BATCH-2,0.2873307985502557,RFU,SIMULATED,20261006,False,,3.1246341843549277
P02,H01,H,1,NEG_CTRL,P02-NEG-H,,,,BATCH-2,1.5766580042527525,RFU,SIMULATED,20261006,True,edge_control_outlier,
P02,H02,H,2,SAMPLE,CMP-C-3nM-tech2-P02,CMP-C,3.0,tech2,BATCH-2,1.2056004508350124,RFU,SIMULATED,20261006,False,,100.35688086639784
P02,H03,H,3,SAMPLE,CMP-C-10nM-tech2-P02,CMP-C,10.0,tech2,BATCH-2,1.1824726637145817,RFU,SIMULATED,20261006,False,,97.90796327785694
P02,H04,H,4,SAMPLE,CMP-C-30nM-tech2-P02,CMP-C,30.0,tech2,BATCH-2,1.1856843487724131,RFU,SIMULATED,20261006,False,,98.24803697301947
P02,H05,H,5,SAMPLE,CMP-C-100nM-tech2-P02,CMP-C,100.0,tech2,BATCH-2,1.1945263250844855,RFU,SIMULATED,20261006,False,,99.1842818111159
P02,H06,H,6,SAMPLE,CMP-C-300nM-tech2-P02,CMP-C,300.0,tech2,BATCH-2,1.1832322772932624,RFU,SIMULATED,20261006,False,,97.9883960077
P02,H07,H,7,SAMPLE,CMP-C-1000nM-tech2-P02,CMP-C,1000.0,tech2,BATCH-2,1.1196063762994988,RFU,SIMULATED,20261006,False,,91.25127986169628
P02,H08,H,8,SAMPLE,CMP-C-3000nM-tech2-P02,CMP-C,3000.0,tech2,BATCH-2,0.9806885932387468,RFU,SIMULATED,20261006,False,,76.54177909851856
P02,H09,H,9,SAMPLE,CMP-C-10000nM-tech2-P02,CMP-C,10000.0,tech2,BATCH-2,0.8490094591435743,RFU,SIMULATED,20261006,False,,62.5987526494105
P02,H10,H,10,BUFFER,P02-BUF-H10,,,,BATCH-2,0.0546704805638997,RFU,SIMULATED,20261006,False,,-21.510923982340067
P02,H11,H,11,BUFFER,P02-BUF-H11,,,,BATCH-2,0.0568630260768843,RFU,SIMULATED,20261006,False,,-21.27876328134151
P02,H12,H,12,POS_CTRL,P02-POS-H,,,,BATCH-2,0.561344819260764,RFU,SIMULATED,20261006,True,edge_control_outlier,
