data_origin,source_id,name,smiles,assay_type,relation,value,unit,organism,target_name,target_uniprot,note
SIMULATED_ACTIVITY_REAL_STRUCTURES,SIM-001,staurosporine,CN[C@@H]1C[C@H]2O[C@@](C)([C@@H]3C[C@H]4C5=C6C(=CC=C5)NC6=C5C(=O)N(C)C(=O)C5=C4C3=C2C2=C1C=CC=C2)N3C1=C(C=CC=C1)C4=C3C=CC=C4,IC50,=,7.0,nM,Homo sapiens,CDK2,P24941,canonical row
SIMULATED_ACTIVITY_REAL_STRUCTURES,SIM-001b,staurosporine HCl,CN[C@@H]1C[C@H]2O[C@@](C)([C@@H]3C[C@H]4C5=C6C(=CC=C5)NC6=C5C(=O)N(C)C(=O)C5=C4C3=C2C2=C1C=CC=C2)N3C1=C(C=CC=C1)C4=C3C=CC=C4.Cl,IC50,=,7.5,nM,Homo sapiens,CDK2,P24941,salt duplicate of SIM-001
SIMULATED_ACTIVITY_REAL_STRUCTURES,SIM-002,roscovitine,CCC(CO)Nc1nc(NCc2ccccc2)c2ncn(C(C)C)c2n1,IC50,=,700.0,nM,Homo sapiens,CDK2,P24941,canonical row
SIMULATED_ACTIVITY_REAL_STRUCTURES,SIM-003,flavopiridol,CN1CCC(c2c(O)cc(O)c3c(=O)cc(-c4ccccc4Cl)oc23)C(O)C1,IC50,=,0.04,uM,Homo sapiens,CDK2,P24941,value in uM
SIMULATED_ACTIVITY_REAL_STRUCTURES,SIM-004,olomoucine,Cn1cnc2c(NCc3ccccc3)nc(NCCO)nc21,IC50,>,10000.0,nM,Homo sapiens,CDK2,P24941,censored IC50
SIMULATED_ACTIVITY_REAL_STRUCTURES,SIM-005,ATP,Nc1ncnc2c1ncn2[C@@H]1O[C@H](COP(=O)(O)OP(=O)(O)OP(=O)(O)O)[C@@H](O)[C@H]1O,Kd,=,30.0,uM,Homo sapiens,CDK2,P24941,Kd — must not merge with IC50
SIMULATED_ACTIVITY_REAL_STRUCTURES,SIM-006,dinaciclib,CC(C)c1nc(Nc2ccc(C(=O)N3CCN(C)CC3)cc2)nc(-c2cnn(C)c2)c1C#N,Ki,=,1.0,nM,Homo sapiens,CDK2,P24941,Ki — separate endpoint
SIMULATED_ACTIVITY_REAL_STRUCTURES,SIM-007,invalid_smiles,this_is_not_smiles,IC50,=,100.0,nM,Homo sapiens,CDK2,P24941,should fail structure validation
SIMULATED_ACTIVITY_REAL_STRUCTURES,SIM-008,mouse_cdk2_assay,CC(C)n1cnc2c(NCc3ccccc3)nc(NCCC)nc21,IC50,=,500.0,nM,Mus musculus,Cdk2,P97377,different organism/uniprot — keep separate
SIMULATED_ACTIVITY_REAL_STRUCTURES,SIM-009,SNS-032,O=C(Nc1nc(Nc2ccccc2)nc2ccccc12)C1CCN(C(=O)C2CC2)CC1,IC50,=,48.0,nM,Homo sapiens,CDK2,P24941,canonical row
SIMULATED_ACTIVITY_REAL_STRUCTURES,SIM-010,caffeine,Cn1c(=O)c2c(ncn2C)n(C)c1=O,IC50,=,500000.0,nM,Homo sapiens,CDK2,P24941,weak binder / negative-ish control context
