replica_id,resSeq,rmsf_ca_nm
rep1,1,0.13311964
rep1,2,0.07450124
rep1,3,0.048873056
rep1,4,0.05607885
rep1,5,0.06926154
rep1,6,0.06478766
rep1,7,0.05181117
rep1,8,0.038210496
rep1,9,0.081148595
rep1,10,0.096482165
rep1,11,0.06620715
rep1,12,0.07317896
rep1,13,0.0686726
rep1,14,0.08734532
rep1,15,0.11769486
rep1,16,0.08029438
rep1,17,0.06361992
rep1,18,0.06852931
rep1,19,0.061932415
rep1,20,0.10370132
rep2,1,0.1136001
rep2,2,0.073258884
rep2,3,0.052300796
rep2,4,0.054776706
rep2,5,0.06069555
rep2,6,0.041654572
rep2,7,0.039692663
rep2,8,0.065265946
rep2,9,0.06766505
rep2,10,0.05809209
rep2,11,0.04446209
rep2,12,0.07020347
rep2,13,0.06712089
rep2,14,0.07462636
rep2,15,0.10847146
rep2,16,0.057056148
rep2,17,0.07620543
rep2,18,0.069353655
rep2,19,0.08325513
rep2,20,0.12462635
