replica_id,time_ps,rmsd_ca_nm,rg_nm,n_hbonds_wernet
rep1,0.0,0.0074308645,0.7514158168961965,8.0
rep1,0.1,0.01643993,0.7531906687397317,8.0
rep1,0.2,0.023541031,0.7550050619647214,8.0
rep1,0.30000000000000004,0.029846728,0.7569798698343649,7.0
rep1,0.4,0.03485658,0.759404066501431,8.0
rep1,0.5,0.03285955,0.7593471931747016,6.0
rep1,0.6000000000000001,0.035269998,0.7568543937864265,8.0
rep1,0.7000000000000001,0.037942942,0.7550761802106638,11.0
rep1,0.8,0.042181395,0.7577544910177146,10.0
rep1,0.9,0.04358577,0.7590834164979802,10.0
rep1,1.0,0.048705902,0.7595309910551727,12.0
rep1,1.1,0.045928553,0.7580708969510442,9.0
rep1,1.2000000000000002,0.039737817,0.7583630475086067,6.0
rep1,1.3,0.045286607,0.7576309784891575,8.0
rep1,1.4000000000000001,0.047132675,0.7544722859589549,10.0
rep1,1.5,0.04991276,0.7503093112150173,10.0
rep1,1.6,0.049759667,0.7523227420392181,8.0
rep1,1.7000000000000002,0.04488152,0.7518983615501204,9.0
rep1,1.8,0.047192328,0.7524673721799997,10.0
rep1,1.9000000000000001,0.045629613,0.7556809327340928,7.0
rep1,2.0,0.047627825,0.7590955994138902,5.0
rep1,2.1,0.052240163,0.7613815770881177,5.0
rep1,2.2,0.061022267,0.7642554446534552,5.0
rep1,2.3000000000000003,0.07073846,0.7662412757624047,6.0
rep1,2.4000000000000004,0.07912868,0.7694887639087195,6.0
rep1,2.5,0.088578045,0.7746473031950644,2.0
rep1,2.6,0.09820015,0.7811792053282903,5.0
rep1,2.7,0.098799944,0.7825302863527538,5.0
rep1,2.8000000000000003,0.10270076,0.7834642224345458,6.0
rep1,2.9000000000000004,0.105780244,0.7875569518495465,8.0
rep1,3.0,0.105035186,0.7894945416244611,5.0
rep1,3.1,0.09965867,0.7924626030882707,7.0
rep1,3.2,0.103007674,0.7925893047352494,7.0
rep1,3.3000000000000003,0.10138487,0.7919430551760149,5.0
rep1,3.4000000000000004,0.09787719,0.7902149516890523,9.0
rep1,3.5,0.090994455,0.7872080935084748,6.0
rep1,3.6,0.08481995,0.7814086351272491,5.0
rep1,3.7,0.08223851,0.771113125568175,7.0
rep1,3.8000000000000003,0.07976071,0.7664660755816898,8.0
rep1,3.9000000000000004,0.07917327,0.7639131252374026,7.0
rep1,4.0,0.077873744,0.7589063697636101,9.0
rep1,4.1000000000000005,0.0798139,0.7572824483088183,9.0
rep1,4.2,0.08553093,0.758741162654902,8.0
rep1,4.3,0.08445882,0.7624035416249607,6.0
rep1,4.4,0.0864084,0.7652221979365712,7.0
rep1,4.5,0.08672788,0.7687426628902948,6.0
rep1,4.6000000000000005,0.08953752,0.769354303954195,7.0
rep1,4.7,0.09523012,0.7687304100756622,9.0
rep1,4.800000000000001,0.09865118,0.7655541537128413,5.0
rep1,4.9,0.099923864,0.7644217586013886,5.0
rep1,5.0,0.10129547,0.7653377132978624,8.0
rep1,5.1000000000000005,0.10074699,0.7666641440737839,4.0
rep1,5.2,0.09246608,0.7635020133717854,5.0
rep1,5.300000000000001,0.09213338,0.7609376076054636,9.0
rep1,5.4,0.08805053,0.7619114373188733,7.0
rep1,5.5,0.08388382,0.7626402626218297,9.0
rep1,5.6000000000000005,0.081485346,0.7676819584918773,7.0
rep1,5.7,0.078757204,0.7723530732227197,10.0
rep1,5.800000000000001,0.080588005,0.7735265707039376,9.0
rep1,5.9,0.08870338,0.7753311410274136,10.0
rep1,6.0,0.08971203,0.7756558101282814,9.0
rep1,6.1000000000000005,0.08621228,0.7752532120240486,9.0
rep1,6.2,0.083852544,0.7729341344115428,9.0
rep1,6.300000000000001,0.08516499,0.771482801510974,8.0
rep1,6.4,0.08878076,0.7685486023202134,8.0
rep1,6.5,0.0941864,0.767593655274812,7.0
rep1,6.6000000000000005,0.09913288,0.7693540014398709,5.0
rep1,6.7,0.1040706,0.7696434541841554,6.0
rep1,6.800000000000001,0.10527734,0.7645812241935441,8.0
rep1,6.9,0.10715699,0.7586766555117672,9.0
rep1,7.0,0.111636944,0.754736524914372,10.0
rep1,7.1000000000000005,0.11307312,0.7490238138978894,7.0
rep1,7.2,0.112482876,0.7458776963660418,7.0
rep1,7.300000000000001,0.111021884,0.7452060117878105,10.0
rep1,7.4,0.11265401,0.7427192118582432,11.0
rep1,7.5,0.12721615,0.7423086414430788,11.0
rep1,7.6000000000000005,0.13439572,0.7405146149828281,9.0
rep1,7.7,0.13884094,0.7415019456849373,9.0
rep1,7.800000000000001,0.14468326,0.7387773072473725,9.0
rep1,7.9,0.15307069,0.737962995226493,10.0
rep1,8.0,0.1627177,0.7357559528401298,11.0
rep1,8.1,0.16712578,0.7312774626657486,11.0
rep1,8.200000000000001,0.17193685,0.7295410379076577,9.0
rep1,8.3,0.17421366,0.7284515922095611,9.0
rep1,8.4,0.1743934,0.7274992445581318,9.0
rep1,8.5,0.17517392,0.7249002649974939,9.0
rep1,8.6,0.17551032,0.7288732540685521,9.0
rep1,8.700000000000001,0.17700583,0.7322235722038997,8.0
rep1,8.8,0.17842895,0.730750632183024,10.0
rep1,8.9,0.1774315,0.7331538141515975,8.0
rep1,9.0,0.17738849,0.736295179027075,8.0
rep1,9.1,0.1786274,0.7340564023548289,10.0
rep1,9.200000000000001,0.18245026,0.7317863817701209,9.0
rep1,9.3,0.18084688,0.7368307659840262,10.0
rep1,9.4,0.17851125,0.737189476849771,8.0
rep1,9.5,0.17766058,0.7433119637921093,9.0
rep1,9.600000000000001,0.17942885,0.7420520084198319,8.0
rep1,9.700000000000001,0.17223695,0.7448226312150183,8.0
rep1,9.8,0.16761324,0.740503133748256,9.0
rep1,9.9,0.16341074,0.7341898087342215,8.0
rep2,0.0,0.0059881676,0.7501758371416386,8.0
rep2,0.1,0.017091239,0.7497049749806352,7.0
rep2,0.2,0.027277403,0.7520596456426989,9.0
rep2,0.30000000000000004,0.034185268,0.7563603949682719,10.0
rep2,0.4,0.046056077,0.7587796386485725,11.0
rep2,0.5,0.059126,0.7611540824948578,11.0
rep2,0.6000000000000001,0.063426964,0.7638087770490597,11.0
rep2,0.7000000000000001,0.06662991,0.7682378859403813,8.0
rep2,0.8,0.06862115,0.7684958285892696,10.0
rep2,0.9,0.07231575,0.7676960895400861,9.0
rep2,1.0,0.07385938,0.7641340685986251,12.0
rep2,1.1,0.078551695,0.7658313800641554,10.0
rep2,1.2000000000000002,0.08559112,0.7699682796235564,11.0
rep2,1.3,0.090656355,0.7729733824088046,9.0
rep2,1.4000000000000001,0.09752237,0.7744222286394261,9.0
rep2,1.5,0.10718591,0.7730166637255487,8.0
rep2,1.6,0.112087935,0.7738806173810164,11.0
rep2,1.7000000000000002,0.11548156,0.7767860405317427,9.0
rep2,1.8,0.123541914,0.7795591961795915,9.0
rep2,1.9000000000000001,0.12788756,0.7807782260113376,10.0
rep2,2.0,0.13114621,0.780218875461275,9.0
rep2,2.1,0.13553336,0.7792364844895867,9.0
rep2,2.2,0.13835517,0.7799860979388363,9.0
rep2,2.3000000000000003,0.13653308,0.7767796309237653,6.0
rep2,2.4000000000000004,0.13968599,0.7775323594904298,10.0
rep2,2.5,0.14217086,0.7776355598161874,7.0
rep2,2.6,0.14211115,0.775579809988831,7.0
rep2,2.7,0.13915554,0.7747035421864847,6.0
rep2,2.8000000000000003,0.14303057,0.773358371227959,6.0
rep2,2.9000000000000004,0.14205377,0.7778884047618859,9.0
rep2,3.0,0.14316253,0.7797041974826059,6.0
rep2,3.1,0.1428501,0.7764086410764992,9.0
rep2,3.2,0.13839789,0.7734154163757504,8.0
rep2,3.3000000000000003,0.13612945,0.7733903592994468,8.0
rep2,3.4000000000000004,0.1365296,0.7750251004996254,8.0
rep2,3.5,0.14283207,0.7745854199806452,11.0
rep2,3.6,0.1490917,0.7735519394853005,9.0
rep2,3.7,0.14963825,0.7718348667559924,8.0
rep2,3.8000000000000003,0.1516454,0.7739183696485831,12.0
rep2,3.9000000000000004,0.15617858,0.7759140575679028,9.0
rep2,4.0,0.1588075,0.7791081424058284,7.0
rep2,4.1000000000000005,0.16171798,0.7835699472405356,5.0
rep2,4.2,0.16307014,0.782553989916686,7.0
rep2,4.3,0.15960032,0.7764144069214749,5.0
rep2,4.4,0.15680383,0.7712557662559493,6.0
rep2,4.5,0.15837392,0.764608029620494,9.0
rep2,4.6000000000000005,0.15776366,0.759004601033295,11.0
rep2,4.7,0.15317656,0.7586621195318918,8.0
rep2,4.800000000000001,0.14462163,0.7588362768546818,11.0
rep2,4.9,0.13629153,0.7619200506028767,11.0
rep2,5.0,0.13524456,0.7643763813636596,10.0
rep2,5.1000000000000005,0.13263755,0.7704193451848027,11.0
rep2,5.2,0.13206613,0.7734719057396634,9.0
rep2,5.300000000000001,0.12883854,0.7712490043162803,9.0
rep2,5.4,0.12527245,0.7697474011392359,8.0
rep2,5.5,0.12295849,0.7679443156534002,10.0
rep2,5.6000000000000005,0.12905782,0.7675641513912157,10.0
rep2,5.7,0.12755005,0.7667150687211218,8.0
rep2,5.800000000000001,0.12429036,0.7660595442635567,8.0
rep2,5.9,0.1248836,0.7635449799113553,6.0
rep2,6.0,0.12443376,0.7580400588446945,5.0
rep2,6.1000000000000005,0.121413864,0.7538130537489942,6.0
rep2,6.2,0.12008503,0.7528850775708993,6.0
rep2,6.300000000000001,0.12090892,0.7550316888219963,7.0
rep2,6.4,0.12447476,0.7539556913378334,7.0
rep2,6.5,0.1209661,0.7558037549824694,6.0
rep2,6.6000000000000005,0.117163084,0.757806478827573,8.0
rep2,6.7,0.12029173,0.7577653628957033,8.0
rep2,6.800000000000001,0.12155202,0.7581377458332085,9.0
rep2,6.9,0.12836877,0.7586914398355616,7.0
rep2,7.0,0.13352542,0.7552313928112915,6.0
rep2,7.1000000000000005,0.14030182,0.7505756389597301,7.0
rep2,7.2,0.14808565,0.7492769114943177,2.0
rep2,7.300000000000001,0.15692055,0.7493884181292914,6.0
rep2,7.4,0.16596937,0.7520857607991985,7.0
rep2,7.5,0.17292465,0.7567770743026064,7.0
rep2,7.6000000000000005,0.17419204,0.7612682192460701,6.0
rep2,7.7,0.17608996,0.763927786436541,6.0
rep2,7.800000000000001,0.17441773,0.7617756682359051,5.0
rep2,7.9,0.1686846,0.7612485443537419,9.0
rep2,8.0,0.16965649,0.7630362686165468,8.0
rep2,8.1,0.17511865,0.763998545584497,9.0
rep2,8.200000000000001,0.18052994,0.7656418125586972,8.0
rep2,8.3,0.18318813,0.7694537649943102,4.0
rep2,8.4,0.18472423,0.7703575312631846,8.0
rep2,8.5,0.18691671,0.773713772657328,6.0
rep2,8.6,0.19272505,0.7747777660308786,6.0
rep2,8.700000000000001,0.19362873,0.774752680834963,7.0
rep2,8.8,0.19780104,0.7767154692222485,8.0
rep2,8.9,0.19896032,0.7729917803043944,9.0
rep2,9.0,0.2039155,0.7709908180841325,8.0
rep2,9.1,0.20826875,0.7700350665268352,7.0
rep2,9.200000000000001,0.21504274,0.7700075434975039,8.0
rep2,9.3,0.2188424,0.7701625939357228,9.0
rep2,9.4,0.22001803,0.7695027428121243,8.0
rep2,9.5,0.21790652,0.7677853095007657,9.0
rep2,9.600000000000001,0.21782182,0.7656146014937637,5.0
rep2,9.700000000000001,0.21749869,0.7616380317757506,4.0
rep2,9.8,0.21807496,0.7598785389276184,6.0
rep2,9.9,0.22117232,0.7575089323263917,9.0
