#"Step","Time (ps)","Potential Energy (kJ/mole)","Temperature (K)","Speed (ns/day)"
50,0.10000000000000007,-2467.220351351629,36.49130914944978,0
100,0.20000000000000015,-2394.756723229304,64.43243134835724,43.4
150,0.3000000000000002,-2324.260527304249,86.15103563118433,43.5
200,0.4000000000000003,-2263.868556803133,107.34272603055521,43.3
250,0.5000000000000003,-2215.301653179839,120.18838435801071,43.3
300,0.6000000000000004,-2173.240076232907,135.52545584427605,43.4
350,0.7000000000000005,-2130.059145766174,153.1795864742889,43.3
400,0.8000000000000006,-2082.97708517896,170.68029905079482,43.5
450,0.9000000000000007,-2059.2955172693746,175.2281476785671,43.6
500,1.0000000000000007,-2003.5276677539925,183.56639926856278,43.6
550,1.1000000000000008,-2027.8722160835825,210.80714453808855,43.6
600,1.2000000000000008,-1948.8831517517938,206.5132071204583,43.7
650,1.300000000000001,-1982.848755841197,233.49122339953541,43.7
700,1.400000000000001,-1871.055475740251,217.40276619379807,43.7
750,1.500000000000001,-1860.053533750709,246.5712608024954,43.7
800,1.6000000000000012,-1861.8552095981947,250.86574457219967,43.8
850,1.7000000000000013,-1805.373471888311,262.851401732003,43.8
900,1.8000000000000014,-1853.0535641479037,287.65757151785687,43.8
950,1.9000000000000015,-1781.9335436128658,280.15207496063755,43.8
1000,2.0000000000000013,-1747.8928270630167,267.45978734606194,43.8
1050,2.0999999999999903,-1748.3185031594376,271.18429239624004,43.8
1100,2.1999999999999793,-1705.3711205559443,270.4904862507924,43.8
1150,2.2999999999999683,-1756.9982668851962,284.77048455109866,43.8
1200,2.3999999999999573,-1782.8872697946767,280.11326408222993,43.8
1250,2.4999999999999463,-1728.87432654262,287.52523113423916,43.8
1300,2.5999999999999353,-1705.8881927884304,278.34634688284854,43.9
1350,2.6999999999999242,-1632.977683847168,285.3458876999875,43.9
1400,2.7999999999999132,-1665.046996940524,280.9282714806652,43.9
1450,2.899999999999902,-1675.4296531312607,290.3246580772062,43.9
1500,2.999999999999891,-1658.170275094969,284.0476210056328,43.8
1550,3.09999999999988,-1685.908905996853,284.197802926597,43.7
1600,3.199999999999869,-1673.0241592606776,277.51498893375685,43.6
1650,3.299999999999858,-1701.0162640361332,287.166148451154,43.6
1700,3.399999999999847,-1685.356737590659,297.13943885729805,43.5
1750,3.499999999999836,-1687.4637394604506,301.226718469009,43.4
1800,3.599999999999825,-1641.6827517759764,295.5116197845434,43.3
1850,3.699999999999814,-1691.097884526647,309.285820701115,43.3
1900,3.799999999999803,-1666.36060174197,295.65939894802335,43.3
1950,3.899999999999792,-1639.0180414895462,287.8587280428099,43.2
2000,3.999999999999781,-1640.534522563625,290.41076976734047,43.1
2050,4.0999999999997705,-1697.2991390379175,298.7009275335297,43.1
2100,4.1999999999997595,-1713.3018054876372,305.87675617183606,43.1
2150,4.2999999999997485,-1739.3207014669401,305.32943271604023,43
2200,4.3999999999997375,-1756.8415256941785,296.26243377492636,43
2250,4.499999999999726,-1747.8603465238652,306.06653010672557,42.9
2300,4.599999999999715,-1620.8546831299586,267.9891999979026,42.9
2350,4.699999999999704,-1693.9850219328841,273.42513733047787,42.9
2400,4.799999999999693,-1704.8625542667942,298.0119191889194,43
2450,4.899999999999682,-1685.4808617952085,310.8229157373248,42.9
2500,4.999999999999671,-1664.397703681644,298.33972122215175,43
2550,5.09999999999966,-1688.7122399225489,307.56793995918565,43
2600,5.199999999999649,-1591.4577494957944,286.83879040897017,43
2650,5.299999999999638,-1600.1698524221495,282.01853848757196,43
2700,5.399999999999627,-1734.356257536587,315.527852181541,43
2750,5.499999999999616,-1733.1731401078173,286.87049929287724,43
2800,5.599999999999605,-1718.7997767720142,302.89015839482283,43.1
2850,5.699999999999594,-1660.9931836480046,277.51753490235,43.1
2900,5.799999999999583,-1733.0687373733595,292.28133494183686,43.1
2950,5.899999999999572,-1745.2195530348404,293.48262575881387,43.1
3000,5.999999999999561,-1685.7571987770623,292.0841746851179,43.1
3050,6.09999999999955,-1675.4993144238401,279.2402314763052,43.1
3100,6.199999999999539,-1694.8720950997479,275.56277620962453,43.2
3150,6.299999999999528,-1733.0574419764748,291.66433687837923,43.2
3200,6.399999999999517,-1706.167258514809,275.69536268595084,43.2
3250,6.499999999999506,-1750.105674664292,289.6266532468834,43.3
3300,6.599999999999495,-1714.503150199023,295.59366612923606,43.3
3350,6.699999999999484,-1644.326451252733,281.3526851071152,43.3
3400,6.799999999999473,-1685.237940652276,300.07692302509656,43.3
3450,6.899999999999462,-1689.7807570800387,311.5476326895069,43.3
3500,6.999999999999451,-1681.3114701895634,312.7742897753078,43.5
3550,7.09999999999944,-1711.9825860845492,318.5855436160549,43.6
3600,7.199999999999429,-1632.8610682038934,298.2049880420539,43.7
3650,7.299999999999418,-1707.4403824488281,310.65705473997656,43.9
3700,7.399999999999407,-1766.1080218254065,316.32789106633777,44
3750,7.499999999999396,-1716.9978354147083,291.4569598012364,44.2
3800,7.599999999999385,-1706.8685444109947,287.40224867299446,44.3
3850,7.699999999999374,-1784.0593841593757,303.22231857912675,44.3
3900,7.799999999999363,-1779.784167210919,302.90896514009825,44.3
3950,7.899999999999352,-1804.002291400881,323.124360565154,44.2
4000,7.999999999999341,-1721.6904303812987,295.4082861149693,44.2
4050,8.099999999999374,-1789.6517803112179,300.91582041923357,44.2
4100,8.199999999999408,-1744.7692112688428,289.49280850573496,44.4
4150,8.299999999999441,-1672.4554994240013,271.33811868148064,44.5
4200,8.399999999999475,-1742.1353711150891,287.8144504916339,44.6
4250,8.499999999999508,-1713.278222191836,278.2047343231993,44.7
4300,8.599999999999541,-1652.2664491707626,279.4346812239442,44.8
4350,8.699999999999575,-1722.2843616793402,295.5552230025839,44.9
4400,8.799999999999608,-1705.1546458050584,283.47130315441336,45.1
4450,8.899999999999642,-1833.8585076071781,313.1756019700788,45.1
4500,8.999999999999675,-1723.7318595319982,279.8568766882778,45.1
4550,9.099999999999708,-1755.7338498748795,278.7902980832232,45.1
4600,9.199999999999742,-1820.105633314621,293.3906017181494,45
4650,9.299999999999775,-1729.8317006338636,269.4576876798407,45
4700,9.399999999999809,-1785.8133041538085,281.06951438795164,45
4750,9.499999999999842,-1780.9675226589034,279.4410214962843,45
4800,9.599999999999875,-1750.162201566878,268.87999212870886,45
4850,9.699999999999909,-1752.424544378989,275.14541443311765,45
4900,9.799999999999942,-1711.7429714934444,286.2540494649382,44.9
4950,9.899999999999975,-1746.7110985564893,292.6999720083981,44.9
5000,10.000000000000009,-1766.6438726232177,299.3010953411668,44.9
