source_id,reason,detail
107704,censored_relation,>
107706,censored_relation,>
108800,censored_relation,>
111580,censored_relation,>
111582,censored_relation,>
112982,censored_relation,>
112984,censored_relation,>
114287,censored_relation,>
115400,censored_relation,>
115965,missing_value,
118044,censored_relation,>
119257,censored_relation,>
119259,censored_relation,>
121681,censored_relation,>
122917,censored_relation,>
122919,censored_relation,>
124143,censored_relation,>
125504,censored_relation,>
127002,censored_relation,>
130732,censored_relation,>
131962,censored_relation,>
131964,censored_relation,>
133212,censored_relation,>
133216,censored_relation,>
134412,censored_relation,>
136827,censored_relation,>
138043,censored_relation,>
138069,censored_relation,>
138073,censored_relation,>
139329,censored_relation,>
141942,censored_relation,>
144059,censored_relation,>
316958,censored_relation,>
328360,censored_relation,>
349850,censored_relation,>
362406,censored_relation,>
369843,censored_relation,>
396726,censored_relation,>
401866,censored_relation,>
403352,censored_relation,>
422105,censored_relation,>
422106,censored_relation,>
473999,censored_relation,>
482438,censored_relation,>
495854,censored_relation,>
511501,censored_relation,>
512202,censored_relation,>
553321,censored_relation,<
554956,censored_relation,>
555684,censored_relation,<
556105,censored_relation,>
561426,censored_relation,<
562711,censored_relation,<
565481,missing_value,
566154,censored_relation,<
566701,censored_relation,>
576700,censored_relation,>
576706,censored_relation,>
577469,censored_relation,<
577944,censored_relation,>
578271,censored_relation,>
581011,censored_relation,<
584734,censored_relation,>
585279,censored_relation,>
586464,censored_relation,>
589008,censored_relation,>
591069,censored_relation,<
591070,censored_relation,<
641523,censored_relation,>
791686,censored_relation,<
803285,censored_relation,>
834946,censored_relation,>
915719,censored_relation,>
931180,censored_relation,>
1070769,censored_relation,>
1100331,censored_relation,>
1167447,censored_relation,>
1168730,censored_relation,>
1170052,censored_relation,>
1173813,censored_relation,>
1173976,censored_relation,>
1176448,censored_relation,>
1152638,aggregated_into_parent_median,AHTGWLFMAATFNJ-UHFFFAOYSA-N
1142480,aggregated_into_parent_median,ATIIMPVWPLDRSW-AQTBWJFISA-N
803287,aggregated_into_parent_median,BFEVMCZTMCQMQX-UHFFFAOYSA-N
1145032,aggregated_into_parent_median,BRQIZRLRULPMKZ-UHFFFAOYSA-N
1149045,aggregated_into_parent_median,BSGDITXDAFMGGS-UHFFFAOYSA-N
362404,aggregated_into_parent_median,BSIBGXRENHGRJA-UHFFFAOYSA-N
1161892,aggregated_into_parent_median,BXBHQBATRBBMNC-UHFFFAOYSA-N
515460,aggregated_into_parent_median,BXCQAEHFWJFGAT-YVLHZVERSA-N
823352,aggregated_into_parent_median,BXCQAEHFWJFGAT-YVLHZVERSA-N
1153934,aggregated_into_parent_median,CBXVHMLTAMBOAT-UHFFFAOYSA-N
1151481,aggregated_into_parent_median,CGNWASVANOQBPL-UHFFFAOYSA-N
804549,aggregated_into_parent_median,CQHOSPMLVTXHPG-UHFFFAOYSA-N
1152640,aggregated_into_parent_median,DEIHGERUGZDCOW-UHFFFAOYSA-N
1155251,aggregated_into_parent_median,DKXHWVOIGOXEOZ-UHFFFAOYSA-N
1143809,aggregated_into_parent_median,FPRLDACYCIWFIM-VHEBQXMUSA-N
1175166,aggregated_into_parent_median,FUPOZFLWFNCROX-ZROIWOOFSA-N
1145036,aggregated_into_parent_median,GCYXEGSPUDSZJY-PTNGSMBKSA-N
1175162,aggregated_into_parent_median,GKECVYSOZOUGQC-UHFFFAOYSA-N
541706,aggregated_into_parent_median,GOWOIXBMOFKIQJ-YVLHZVERSA-N
797739,aggregated_into_parent_median,GOWOIXBMOFKIQJ-YVLHZVERSA-N
1177756,aggregated_into_parent_median,GSHTXHPUQGFFIY-UHFFFAOYSA-N
563166,aggregated_into_parent_median,GTVPOLSIJWJJNY-UHFFFAOYSA-N
1153932,aggregated_into_parent_median,HFXOIGRMVJOTRY-JYRVWZFOSA-N
551663,aggregated_into_parent_median,HGFLDVQTDYSNRS-BOPFTXTBSA-N
816419,aggregated_into_parent_median,HGFLDVQTDYSNRS-BOPFTXTBSA-N
1168728,aggregated_into_parent_median,HLUXRVXOTIQDHH-UHFFFAOYSA-N
1175170,aggregated_into_parent_median,HSTYENZAXRTDNP-JYRVWZFOSA-N
1155253,aggregated_into_parent_median,IGWUXPFABXHPLJ-LCYFTJDESA-N
1168732,aggregated_into_parent_median,JDCNVHIMGRHJQB-UHFFFAOYSA-N
1170042,aggregated_into_parent_median,JPHSILBVVGFZAR-UHFFFAOYSA-N
1161894,aggregated_into_parent_median,KBESLZOGXNTNCJ-UHFFFAOYSA-N
1159246,aggregated_into_parent_median,KLYOKJDELSPRDU-WQLSENKSSA-N
1173815,aggregated_into_parent_median,LFWPDIWWAQIGSW-LCYFTJDESA-N
1172514,aggregated_into_parent_median,LTYGAJVXAFJKSY-UHFFFAOYSA-N
1175164,aggregated_into_parent_median,LVXJRTHJNTVQTE-UHFFFAOYSA-N
1156654,aggregated_into_parent_median,MDLCRDRHMKWDSB-UHFFFAOYSA-N
1157792,aggregated_into_parent_median,MNROLFUOLVMVKW-ATVHPVEESA-N
1159244,aggregated_into_parent_median,NBJFUFLDDIMRFK-ZSOIEALJSA-N
1175158,aggregated_into_parent_median,ODZNNZYRBRRREX-UHFFFAOYSA-N
1166069,aggregated_into_parent_median,ONVJWTCYZZHCFH-DHDCSXOGSA-N
371187,aggregated_into_parent_median,OSCWQKTUILTARV-UHFFFAOYSA-N
485371,aggregated_into_parent_median,OSOOMYVRUVOQLW-UHFFFAOYSA-N
1150274,aggregated_into_parent_median,OSOOMYVRUVOQLW-UHFFFAOYSA-N
1177758,aggregated_into_parent_median,PNRPHJODAJMHCK-UHFFFAOYSA-N
1150272,aggregated_into_parent_median,PWGAHYYSCYXLLY-LCYFTJDESA-N
369845,aggregated_into_parent_median,QDQHFTSJJASKSA-UHFFFAOYSA-N
359970,aggregated_into_parent_median,QNIZBMDMEQUCHR-UHFFFAOYSA-N
1166071,aggregated_into_parent_median,SFVNAZFXICVLNW-UHFFFAOYSA-N
1159240,aggregated_into_parent_median,SHUDBWHXTHKHBX-UHFFFAOYSA-N
1143811,aggregated_into_parent_median,TTYSGEABGJKUIS-UHFFFAOYSA-N
1172510,aggregated_into_parent_median,VRRFNXAZWIOJGC-UHFFFAOYSA-N
1146499,aggregated_into_parent_median,VUTZKKVIVKWHMG-UHFFFAOYSA-N
1150276,aggregated_into_parent_median,WOUDREXVBSUATL-UHFFFAOYSA-N
1171206,aggregated_into_parent_median,XHBOHQMIFHBKMM-GDNBJRDFSA-N
1175160,aggregated_into_parent_median,XWYZXIPUSGGJGV-UHFFFAOYSA-N
1170050,aggregated_into_parent_median,YEDNTONGWZREGW-UHFFFAOYSA-N
1164791,aggregated_into_parent_median,YMXPTERDVSXRPA-UHFFFAOYSA-N
382514,aggregated_into_parent_median,YXVXFUBOIUONRY-UHFFFAOYSA-N
1167445,aggregated_into_parent_median,ZACVTRDAXISFKM-UHFFFAOYSA-N
1176438,aggregated_into_parent_median,ZBJSSXLSSOZYFR-UHFFFAOYSA-N
553005,aggregated_into_parent_median,ZCUPJNMFZQFHTK-YVLHZVERSA-N
822152,aggregated_into_parent_median,ZCUPJNMFZQFHTK-YVLHZVERSA-N
1177754,aggregated_into_parent_median,ZQAZHQLWCKQXTD-GDNBJRDFSA-N
