split_strategy,model,feature_set,split_eval,MAE,RMSE,R2,n
random,mean_baseline,none,train,1.167027218144485,1.3570865959161689,0.0,191
random,mean_baseline,none,test,1.0074486900625101,1.2291330999445753,-0.004256937670986671,64
random,ridge_descriptors,descriptors,train,0.8525865190657285,1.0440486955227457,0.4081299172019671,191
random,ridge_descriptors,descriptors,test,0.6985251886468682,0.8792946751632585,0.48605588361976126,64
random,rf_morgan,morgan_fp,train,0.3051490141572028,0.4159874209446856,0.9060395096679408,191
random,rf_morgan,morgan_fp,test,0.4637787107107026,0.552011464833515,0.7974448881654783,64
scaffold,mean_baseline,none,train,1.180913754346878,1.3771117335046457,0.0,181
scaffold,mean_baseline,none,test,1.0027148735691376,1.1917110610980943,-2.2610238936682236e-06,74
scaffold,ridge_descriptors,descriptors,train,0.8807427029030404,1.0627543482168744,0.4044373910091428,181
scaffold,ridge_descriptors,descriptors,test,0.7035663895416691,0.8860269412140365,0.4472192683106785,74
scaffold,rf_morgan,morgan_fp,train,0.311103008932646,0.40972972757414844,0.9114769043927744,181
scaffold,rf_morgan,morgan_fp,test,0.6392981514292612,0.8281149733053916,0.5171187794978438,74
