inchikey,smiles_canonical,scaffold_smiles,n_measurements,pIC50,pIC50_std,molecule_chembl_id,source_ids,mw,logp,hbd,hba,tpsa,rotatable_bonds,data_origin,target_uniprot
ABXYGMKNQJBBKL-UHFFFAOYSA-N,O=C1Nc2ccc(F)c3ccc(-c4ccc[nH]4)c1c23,O=C1Nc2cccc3ccc(-c4ccc[nH]4)c1c23,1,6.690369832574102,0.0,CHEMBL312018,500045,252.24800000000002,3.5397000000000016,2,1,44.89,1,ChEMBL,P24941
ACISHMVGWWWZAU-UHFFFAOYSA-N,COc1ccc(Nc2ccnc(Nc3ccc(OCC(O)CN(C)C)cc3)n2)cc1,c1ccc(Nc2ccnc(Nc3ccccc3)n2)cc1,1,4.443697499232712,0.0,CHEMBL101052,105376,409.4900000000001,3.2737000000000016,3,8,91.77,10,ChEMBL,P24941
ADERJSHNQMYPEE-GHXNOFRVSA-N,COc1ccc2c(c1)/C(=C/c1[nH]cc3c1CCOC3=O)C(=O)N2,O=C1Nc2ccccc2C1=Cc1[nH]cc2c1CCOC2=O,1,7.3979400086720375,0.0,CHEMBL300767,475051,310.309,2.2288999999999994,2,4,80.42,2,ChEMBL,P24941
ADGOSWMTFHSWDE-UHFFFAOYSA-N,NS(=O)(=O)c1ccc(N/N=C2\C(=O)Nc3ccc(C(=O)NCCCn4ccnc4)cc32)cc1,O=C1Nc2ccc(C(=O)NCCCn3ccnc3)cc2C1=NNc1ccccc1,1,7.6020599913279625,0.0,CHEMBL272026,1150278,467.51100000000025,1.1189000000000002,4,7,160.57,8,ChEMBL,P24941
ADNQLYCKDLXBLL-UHFFFAOYSA-N,Clc1cccc(Nc2nccc(-c3cnc4ccccn34)n2)c1,c1ccc(Nc2nccc(-c3cnc4ccccn34)n2)cc1,1,8.301029995663981,0.0,CHEMBL72509,591068,321.771,4.188300000000003,1,4,55.11,3,ChEMBL,P24941
AFMQUOLJZIETKV-YBEGLDIGSA-N,O=C1Nc2ccc3ncsc3c2/C1=C/Nc1ccc(S(=O)(=O)NCCc2c[nH]cn2)cc1,O=C1Nc2ccc3ncsc3c2C1=CNc1ccc(S(=O)(=O)NCCc2c[nH]cn2)cc1,1,8.443697499232712,0.0,CHEMBL1964251,1155255,466.5480000000002,2.945500000000001,4,7,128.87,7,ChEMBL,P24941
AHTGWLFMAATFNJ-UHFFFAOYSA-N,NS(=O)(=O)c1ccc(N/N=C2\C(=O)Nc3ccc(C(=O)NCc4cccnc4)cc32)cc1,O=C1Nc2ccc(C(=O)NCc3cccnc3)cc2C1=NNc1ccccc1,2,8.67778070526608,0.0,CHEMBL271953,503205;1152638,450.4800000000002,1.4272999999999998,4,7,155.64,6,ChEMBL,P24941
AKKYFIFRTKACRF-UHFFFAOYSA-N,COCCNS(=O)(=O)c1ccc(Nc2nccc(-c3cnc4ccc(Sc5ccccc5)cn34)n2)cc1,c1ccc(Nc2nccc(-c3cnc4ccc(Sc5ccccc5)cn34)n2)cc1,1,7.795880017344075,0.0,CHEMBL307808,556875,532.6510000000002,4.610800000000002,2,8,110.50999999999999,10,ChEMBL,P24941
ALNJIRVGTQKZMG-UHFFFAOYSA-N,Nc1cc(OCC2CCCCC2)nc(Nc2ccc(S(N)(=O)=O)cc2)n1,c1ccc(Nc2nccc(OCC3CCCCC3)n2)cc1,1,5.5376020021010435,0.0,CHEMBL104467,984954,377.4700000000001,2.4089,3,7,133.21999999999997,6,ChEMBL,P24941
AMOZPNFTPZCWKP-FXBPSFAMSA-N,COCCOCCOCCOCCN(C)S(=O)(=O)c1ccc(N/C=C2\C(=O)Nc3ccc4ncsc4c32)cc1,O=C1Nc2ccc3ncsc3c2C1=CNc1ccccc1,1,9.0,0.0,CHEMBL1964249,1146501,576.6970000000001,3.0181000000000013,2,10,128.32,16,ChEMBL,P24941
AQAPFJBZSZVEGI-UHFFFAOYSA-N,NS(=O)(=O)c1ccc(N/N=C2\C(=O)Nc3ccc4[nH]nnc4c32)cc1,O=C1Nc2ccc3[nH]nnc3c2C1=NNc1ccccc1,1,8.022276394711152,0.0,CHEMBL271952,1168734,357.3550000000001,0.3735999999999998,4,7,155.21999999999997,3,ChEMBL,P24941
ATIIMPVWPLDRSW-AQTBWJFISA-N,O=C1Nc2ccc3ncsc3c2/C1=C/Nc1ccc(S(=O)(=O)NCc2ccccc2)cc1,O=C1Nc2ccc3ncsc3c2C1=CNc1ccc(S(=O)(=O)NCc2ccccc2)cc1,2,8.2518119729938,0.0,CHEMBL1964242,409663;1142480,462.55600000000015,4.179900000000003,3,6,100.19,6,ChEMBL,P24941
ATXQKLAYIZHIBL-WDZFZDKYSA-N,O=C1Nc2ccc(F)cc2/C1=C/c1[nH]cc2c1CCOC2=O,O=C1Nc2ccccc2C1=Cc1[nH]cc2c1CCOC2=O,1,7.086186147616283,0.0,CHEMBL59110,510998,298.273,2.3594,2,3,71.19,1,ChEMBL,P24941
AXWDQRXGOKDXJT-UHFFFAOYSA-N,O=C(Nc1n[nH]c2nc(-c3cccc(O)c3)ccc12)C1CC1,O=C(Nc1n[nH]c2nc(-c3ccccc3)ccc12)C1CC1,1,7.2076083105017466,0.0,CHEMBL408019,129340,294.31400000000014,2.6790000000000003,3,4,90.9,3,ChEMBL,P24941
AZHXFKCTCUPFGL-UHFFFAOYSA-N,Cc1ccc(F)c(Nc2ccnc(Nc3ccc(S(N)(=O)=O)cc3)n2)c1,c1ccc(Nc2ccnc(Nc3ccccc3)n2)cc1,1,8.221848749616356,0.0,CHEMBL103355,826658,373.4130000000001,3.05872,3,6,109.99999999999999,5,ChEMBL,P24941
BBQOARXEMKNYLC-UHFFFAOYSA-N,O=C(Nc1n[nH]c2cc(-c3ccsc3)ccc12)C1CC1,O=C(Nc1n[nH]c2cc(-c3ccsc3)ccc12)C1CC1,1,6.315154638355588,0.0,CHEMBL260928,121679,283.3560000000001,3.6399000000000017,2,3,57.78,3,ChEMBL,P24941
BFEVMCZTMCQMQX-UHFFFAOYSA-N,CN(C)CC(O)COc1ccc(Nc2nccc(Nc3ccccc3)n2)cc1,c1ccc(Nc2ccnc(Nc3ccccc3)n2)cc1,2,4.481685552318919,0.013164469361174547,CHEMBL102047,141555;803287,379.46400000000006,3.2651000000000012,3,7,82.54,9,ChEMBL,P24941
BIIVYFLTOXDAOV-TYJDENFWSA-N,CN1CCC(c2c(O)cc(O)c3c(=O)cc(-c4ccccc4Cl)oc23)[C@@H](O)C1,O=c1cc(-c2ccccc2)oc2c(C3CCNCC3)cccc12,1,6.657577319177793,0.0,CHEMBL418203,516668,401.8460000000001,3.3046000000000015,3,6,94.14,2,ChEMBL,P24941
BLLCSZQROQEYPS-UHFFFAOYSA-N,NS(=O)(=O)c1ccc(N/N=C2\C(=O)Nc3ccc4[nH]nc(Cl)c4c32)cc1,O=C1Nc2ccc3[nH]ncc3c2C1=NNc1ccccc1,1,8.657577319177793,0.0,CHEMBL269882,1170054,390.8120000000001,1.6320000000000001,4,6,142.32999999999998,3,ChEMBL,P24941
BNAYALSWOQOGRV-UHFFFAOYSA-N,Cc1ccc2c(c1Cl)/C(=N/Nc1ccc(S(N)(=O)=O)cc1)C(=O)N2,O=C1Nc2ccccc2C1=NNc1ccccc1,1,7.886056647693163,0.0,CHEMBL411490,420589,364.81400000000014,2.0641199999999995,3,5,113.64999999999998,3,ChEMBL,P24941
BOMPRXSVSIPRDT-PTNGSMBKSA-N,O=C1Nc2ccccc2/C1=C/Nc1ccc(S(=O)(=O)Nc2nccs2)cc1,O=C1Nc2ccccc2C1=CNc1ccc(S(=O)(=O)Nc2nccs2)cc1,1,6.0,0.0,CHEMBL1234088,1164793,398.46900000000005,3.349000000000001,3,6,100.19000000000001,5,ChEMBL,P24941
BRQIZRLRULPMKZ-UHFFFAOYSA-N,NS(=O)(=O)c1ccc(N/N=C2\C(=O)Nc3ccccc32)cc1,O=C1Nc2ccccc2C1=NNc1ccccc1,2,6.920818753952375,0.0,CHEMBL438721,495853;1145032,316.34200000000004,1.1023,3,5,113.65,3,ChEMBL,P24941
BSGDITXDAFMGGS-UHFFFAOYSA-N,Cc1c([N+](=O)[O-])ccc2c1/C(=N/Nc1ccc(S(N)(=O)=O)cc1)C(=O)N2,O=C1Nc2ccccc2C1=NNc1ccccc1,2,8.337242168318426,0.0,CHEMBL272667,425833;1149045,375.3660000000001,1.3189199999999999,3,7,156.79,4,ChEMBL,P24941
BSIBGXRENHGRJA-UHFFFAOYSA-N,COc1ccccc1Nc1cc(Nc2ccc(OCC(O)CN(C)C)cc2)ncn1,c1ccc(Nc2cc(Nc3ccccc3)ncn2)cc1,2,4.070581074285707,0.0,CHEMBL101868,128146;362404,409.4900000000001,3.2737000000000016,3,8,91.77,10,ChEMBL,P24941
BTIHMVBBUGXLCJ-OAHLLOKOSA-N,CC[C@H](CO)Nc1nc(NCc2ccccc2)c2ncn(C(C)C)c2n1,c1ccc(CNc2ncnc3[nH]cnc23)cc1,1,6.221848749616356,0.0,CHEMBL14762,567835,354.4580000000001,3.2021000000000015,3,6,87.89,8,ChEMBL,P24941
BXBHQBATRBBMNC-UHFFFAOYSA-N,CS(=O)(=O)c1ccc2c(c1)/C(=N/Nc1ccc(S(N)(=O)=O)cc1)C(=O)N2,O=C1Nc2ccccc2C1=NNc1ccccc1,2,7.795880017344075,0.0,CHEMBL272389,474436;1161892,394.43400000000014,0.5058000000000005,3,7,147.79,4,ChEMBL,P24941
BXCQAEHFWJFGAT-YVLHZVERSA-N,CN1CCC(c2c(O)cc(O)c3c2O/C(=C\c2ccccc2Cl)C3=O)CC1,O=C1C(=Cc2ccccc2)Oc2c1cccc2C1CCNCC1,3,5.401209493236885,0.0,CHEMBL48614,425835;515460;823352,385.84700000000015,4.176600000000002,2,5,70.0,2,ChEMBL,P24941
CBFCBMJPNCKBPX-UHFFFAOYSA-N,CC(C)c1ccccc1Nc1cc(Nc2ccc(OCC(O)CN(C)C)cc2)ncn1,c1ccc(Nc2cc(Nc3ccccc3)ncn2)cc1,1,4.619788758288394,0.0,CHEMBL99699,376828,421.54500000000013,4.388500000000002,3,7,82.54,10,ChEMBL,P24941
CBXVHMLTAMBOAT-UHFFFAOYSA-N,Cc1ccc2c(c1)/C(=N/Nc1ccc(S(N)(=O)=O)cc1)C(=O)N2,O=C1Nc2ccccc2C1=NNc1ccccc1,2,7.337242168318426,0.0,CHEMBL271843,486493;1153934,330.3690000000001,1.4107199999999998,3,5,113.64999999999998,3,ChEMBL,P24941
CGNWASVANOQBPL-UHFFFAOYSA-N,NS(=O)(=O)c1ccc(N/N=C2\C(=O)Nc3cccc(CCc4ccc(O)cc4)c32)cc1,O=C1Nc2cccc(CCc3ccccc3)c2C1=NNc1ccccc1,2,7.920818753952375,0.0,CHEMBL411865,477907;1151481,436.4930000000002,2.5931000000000006,4,6,133.88,6,ChEMBL,P24941
CJJJMECLBKDFNH-UHFFFAOYSA-N,CC(C)Cc1cc(-c2ccc[nH]2)c2c3c(ccc(F)c13)NC2=O,O=C1Nc2cccc3ccc(-c4ccc[nH]4)c1c23,1,6.906578314837765,0.0,CHEMBL83443,484893,308.35600000000005,4.738200000000003,2,1,44.89,3,ChEMBL,P24941
COCSQCRETSHJCO-UHFFFAOYSA-N,O=C1NC(=O)C2=C1c1cn(c3ccccc13)CCOCCOCCOCCn1cc2c2ccccc21,O=C1NC(=O)C2=C1c1cn(c3ccccc13)CCOCCOCCOCCn1cc2c2ccccc21,1,6.0034883278458215,0.0,CHEMBL340259,918239,485.54000000000036,3.226600000000002,1,5,83.72,0,ChEMBL,P24941
COHYTHOBJLSHDF-BUHFOSPRSA-N,O=C1/C(=C2\Nc3ccccc3C2=O)Nc2ccccc21,O=C1C(=C2Nc3ccccc3C2=O)Nc2ccccc21,1,4.154901959985743,0.0,CHEMBL599552,1022802,262.26800000000003,2.8148,2,4,58.2,0,ChEMBL,P24941
CQCXWWWNUFQYJS-UHFFFAOYSA-N,NCCNc1cc(-c2ccc[nH]2)c2c3c(ccc(F)c13)NC2=O,O=C1Nc2cccc3ccc(-c4ccc[nH]4)c1c23,1,7.920818753952375,0.0,CHEMBL82767,494224,310.33200000000005,2.9103000000000003,4,3,82.94,4,ChEMBL,P24941
CQHOSPMLVTXHPG-UHFFFAOYSA-N,Cc1nc2ccccn2c1-c1ccnc(Nc2ccccc2)n1,c1ccc(Nc2nccc(-c3cnc4ccccn34)n2)cc1,2,7.060739102249396,0.3829583969833159,CHEMBL72461,570008;804549,301.353,3.843320000000002,1,4,55.11,3,ChEMBL,P24941
CQSUILWVYSOEJC-UHFFFAOYSA-N,NS(=O)(=O)c1ccc(N/N=C2\C(=O)Nc3ccc(C(=O)NCCc4c[nH]cn4)cc32)cc1,O=C1Nc2ccc(C(=O)NCCc3c[nH]cn3)cc2C1=NNc1ccccc1,1,7.920818753952375,0.0,CHEMBL272028,1172512,453.4840000000002,0.7979000000000005,5,7,171.43,7,ChEMBL,P24941
CRDNMYFJWFXOCH-YPKPFQOOSA-N,O=C1Nc2ccccc2/C1=C1/Nc2ccccc2C1=O,O=C1Nc2ccccc2C1=C1Nc2ccccc2C1=O,1,5.657577319177793,0.0,CHEMBL1276127,1013632,262.268,2.658200000000001,2,3,58.2,0,ChEMBL,P24941
CRSRQGVEEUYTNA-UHFFFAOYSA-N,Cc1ccc(Cl)c(Nc2ccnc(Nc3ccc(OCC(O)CN(C)C)cc3)n2)c1,c1ccc(Nc2ccnc(Nc3ccccc3)n2)cc1,1,5.301029995663981,0.0,CHEMBL99948,133214,427.93600000000026,4.226920000000003,3,7,82.54,9,ChEMBL,P24941
CTDIFTBJDVQHSA-XFFZJAGNSA-N,Cc1cccc2c1/C(=C/c1[nH]cc3c1CCOC3=O)C(=O)N2,O=C1Nc2ccccc2C1=Cc1[nH]cc2c1CCOC2=O,1,6.568636235841013,0.0,CHEMBL57446,494216,294.30999999999995,2.52872,2,3,71.19,1,ChEMBL,P24941
CXQSEWLYRHCWRQ-UHFFFAOYSA-N,CCc1cc(-c2ccc[nH]2)c2c3c(ccc(F)c13)NC2=O,O=C1Nc2cccc3ccc(-c4ccc[nH]4)c1c23,1,7.142667503568732,0.0,CHEMBL82251,487129,280.302,4.102100000000002,2,1,44.89,2,ChEMBL,P24941
CZJUVDUMFZEZIA-UHFFFAOYSA-N,O=C1Nc2ccc(F)c3c(S(=O)(=O)CCO)cc(-c4ccc[nH]4)c1c23,O=C1Nc2cccc3ccc(-c4ccc[nH]4)c1c23,1,7.823908740944319,0.0,CHEMBL310529,506110,360.36600000000004,2.3057,3,4,99.25999999999999,4,ChEMBL,P24941
CZOHIJSWNBOVJE-LGMDPLHJSA-N,CN(C)CCNS(=O)(=O)c1ccc(N/C=C2\C(=O)Nc3ccccc32)cc1,O=C1Nc2ccccc2C1=CNc1ccccc1,1,6.0,0.0,CHEMBL1964248,1152646,386.4770000000001,1.9315999999999993,3,5,90.54,7,ChEMBL,P24941
DEIHGERUGZDCOW-UHFFFAOYSA-N,NS(=O)(=O)c1ccc(N/N=C2\C(=O)Nc3cc(Br)ccc32)cc1,O=C1Nc2ccccc2C1=NNc1ccccc1,2,7.366531544420414,0.0,CHEMBL271183,498089;1152640,395.238,1.8648,3,5,113.65,3,ChEMBL,P24941
DGWXOLHKVGDQLN-UHFFFAOYSA-N,Nc1nc(N)c(N=O)c(OCC2CCCCC2)n1,c1cc(OCC2CCCCC2)ncn1,1,5.657577319177793,0.0,CHEMBL303958,952080,251.28999999999994,1.998,2,7,116.47999999999999,4,ChEMBL,P24941
DIWXPXNCGSGMLS-UHFFFAOYSA-N,CN(C)CC(O)COc1ccc(Nc2nccc(Nc3ccccc3Cl)n2)cc1,c1ccc(Nc2ccnc(Nc3ccccc3)n2)cc1,1,5.221848749616356,0.0,CHEMBL101679,131958,413.90900000000005,3.9185000000000016,3,7,82.54,9,ChEMBL,P24941
DKXHWVOIGOXEOZ-UHFFFAOYSA-N,CN(C)C(=O)c1ccc2c(c1)/C(=N/Nc1ccc(S(N)(=O)=O)cc1)C(=O)N2,O=C1Nc2ccccc2C1=NNc1ccccc1,2,7.769551078621726,0.0,CHEMBL409868,499345;1155251,387.4210000000001,0.8041,3,6,133.95999999999998,4,ChEMBL,P24941
DLYVGVOGPLQZFG-UHFFFAOYSA-N,Cc1nc2ccccn2c1-c1ccnc(Nc2ccc(S(N)(=O)=O)cc2)n1,c1ccc(Nc2nccc(-c3cnc4ccccn34)n2)cc1,1,7.42021640338319,0.0,CHEMBL72510,581010,380.4330000000001,2.4907199999999996,2,6,115.27,4,ChEMBL,P24941
DMCRNUMVSATRTP-LCYFTJDESA-N,N=C(N)NS(=O)(=O)c1ccc(N/C=C2\C(=O)Nc3ccccc32)cc1,O=C1Nc2ccccc2C1=CNc1ccccc1,1,6.180456064458132,0.0,CHEMBL1234089,1171208,357.3950000000001,1.2634699999999994,5,5,137.17,4,ChEMBL,P24941
DNXLFICBXNMUNW-NSHDSACASA-N,O=C1Nc2ccc(F)c3c(SC[C@@H]4CCCN4)cc(-c4ccc[nH]4)c1c23,O=C1Nc2cccc3c(SCC4CCCN4)cc(-c4ccc[nH]4)c1c23,1,7.7447274948966935,0.0,CHEMBL442186,503827,367.44900000000007,4.383800000000003,3,3,56.92,4,ChEMBL,P24941
DOXLZSAKRJWFJV-MLPAPPSSSA-N,O=C1Nc2ccc3ncsc3c2/C1=C/Nc1ccc2c(c1)CS(=O)(=O)C2,O=C1Nc2ccc3ncsc3c2C1=CNc1ccc2c(c1)CS(=O)(=O)C2,1,7.853871964321762,0.0,CHEMBL391229,1176450,383.4540000000002,3.1298000000000012,2,6,88.16,2,ChEMBL,P24941
DTTIISYOYISNJH-UHFFFAOYSA-N,O=C(Nc1n[nH]c2nc(-c3ccc(O)c(Cl)c3)ccc12)C1CC1,O=C(Nc1n[nH]c2nc(-c3ccccc3)ccc12)C1CC1,1,8.698970004336019,0.0,CHEMBL259838,127000,328.7590000000001,3.3324000000000007,3,4,90.9,3,ChEMBL,P24941
DYRKHLOFLBMAGH-UHFFFAOYSA-N,O=C1Nc2ccc(F)c3c(OCCCO)cc(-c4ccc[nH]4)c1c23,O=C1Nc2cccc3ccc(-c4ccc[nH]4)c1c23,1,7.7447274948966935,0.0,CHEMBL79364,483679,326.327,3.3009000000000013,3,3,74.35,5,ChEMBL,P24941
FEEKGGYBLXCKCC-UHFFFAOYSA-N,CN(C)CC(O)COc1ccc(Nc2nccc(Nc3ccccc3F)n2)cc1,c1ccc(Nc2ccnc(Nc3ccccc3)n2)cc1,1,5.154901959985743,0.0,CHEMBL101019,134406,397.45400000000006,3.4042000000000012,3,7,82.54,9,ChEMBL,P24941
FNZRNRPNWVXECL-UHFFFAOYSA-N,CCOc1cc(-c2ccc[nH]2)c2c3c(ccc(F)c13)NC2=O,O=C1Nc2cccc3ccc(-c4ccc[nH]4)c1c23,1,7.113509274827518,0.0,CHEMBL310755,501317,296.301,3.9384000000000015,2,2,54.12,3,ChEMBL,P24941
FNZUUGCKBYLYMM-ZSOIEALJSA-N,CC(C)NS(=O)(=O)c1ccc2c(c1)/C(=C/c1[nH]cc3c1CCOC3=O)C(=O)N2,O=C1Nc2ccccc2C1=Cc1[nH]cc2c1CCOC2=O,1,7.1938200260161125,0.0,CHEMBL299032,501313,401.44400000000024,1.9069999999999998,3,5,117.35999999999999,4,ChEMBL,P24941
FOTACNUKABBYFV-YVLHZVERSA-N,CC(C)COC(=O)c1ccc2c(c1)/C(=C/Nc1ccc(S(N)(=O)=O)cc1)C(=O)N2,O=C1Nc2ccccc2C1=CNc1ccccc1,1,8.522878745280337,0.0,CHEMBL269883,1176440,415.4710000000001,2.5519,3,6,127.58999999999997,6,ChEMBL,P24941
FPRLDACYCIWFIM-VHEBQXMUSA-N,NS(=O)(=O)c1ccc(/N=N/c2c(O)[nH]c3cccc(I)c23)cc1,c1ccc(N=Nc2c[nH]c3ccccc23)cc1,2,8.337242168318426,0.0,CHEMBL314397,496924;1143809,442.23800000000006,3.5409000000000015,3,5,120.9,3,ChEMBL,P24941
FRPNTLUZPVREQA-UHFFFAOYSA-N,CN1CCC(c2c(O)cc(O)c3c(=O)cc(Sc4ccccc4)oc23)C(O)C1,O=c1cc(Sc2ccccc2)oc2c(C3CCNCC3)cccc12,1,5.18111458540599,0.0,CHEMBL112050,810327,399.46800000000013,3.1354000000000015,3,7,94.14,3,ChEMBL,P24941
FTQYGMLRLRXBPT-IDUWFGFVSA-N,O=C1Nc2ccc(-c3cnco3)cc2/C1=C/Nc1ccc2c(c1)CS(=O)(=O)C2,O=C1Nc2ccc(-c3cnco3)cc2C1=CNc1ccc2c(c1)CS(=O)(=O)C2,1,8.050609993355087,0.0,CHEMBL1234087,1163394,393.42400000000015,3.1751000000000014,2,6,101.29999999999998,3,ChEMBL,P24941
FUPOZFLWFNCROX-ZROIWOOFSA-N,COC(=O)c1ccc2c(c1)/C(=C/Nc1ccc(S(N)(=O)=O)cc1)C(=O)N2,O=C1Nc2ccccc2C1=CNc1ccccc1,2,8.67778070526608,0.0,CHEMBL409731,415798;1175166,373.3900000000001,1.5256999999999996,3,6,127.58999999999997,4,ChEMBL,P24941
FUZBMVCWAVMNGW-JYRVWZFOSA-N,CNS(=O)(=O)Cc1ccc(N/C=C2\C(=O)Nc3ccc4ncsc4c32)cc1,O=C1Nc2ccc3ncsc3c2C1=CNc1ccccc1,1,7.585026652029182,0.0,CHEMBL1964256,1167449,400.4850000000001,2.7506000000000004,3,6,100.19000000000001,5,ChEMBL,P24941
GCYXEGSPUDSZJY-PTNGSMBKSA-N,O=C1Nc2ccc3ncsc3c2/C1=C/Nc1ccc(S(=O)(=O)Nc2ccccn2)cc1,O=C1Nc2ccc3ncsc3c2C1=CNc1ccc(S(=O)(=O)Nc2ccccn2)cc1,2,8.013228265733755,0.0,CHEMBL1276446,397929;1145036,449.5170000000001,3.8972000000000016,3,7,113.08,5,ChEMBL,P24941
GDKFMMHDPYDGQS-JCMHNJIXSA-N,CN1CCC(c2c(O)cc(O)c3c2O/C(=C\c2ccc(N4CCN(C)CC4)cc2)C3=O)CC1,O=C1C(=Cc2ccc(N3CCNCC3)cc2)Oc2c1cccc2C1CCNCC1,1,5.525783735923745,0.0,CHEMBL46181,549303,449.55100000000033,3.2750000000000012,2,7,76.48000000000002,3,ChEMBL,P24941
GDMFHZWESGTFGR-UHFFFAOYSA-N,NCC[S+]([O-])c1cc(-c2ccc[nH]2)c2c3c(ccc(F)c13)NC2=O,O=C1Nc2cccc3ccc(-c4ccc[nH]4)c1c23,1,7.552841968657781,0.0,CHEMBL79356,490678,343.38300000000004,2.6060000000000008,3,3,93.97,4,ChEMBL,P24941
GEWPSTLKJDIUHW-UHFFFAOYSA-N,CNS(=O)(=O)Cc1ccc(N/N=C2\C(=O)Nc3ccc4ncsc4c32)cc1,O=C1Nc2ccc3ncsc3c2C1=NNc1ccccc1,1,8.244125144327509,0.0,CHEMBL1234086,1145044,401.4730000000001,2.1137999999999995,3,7,112.55,5,ChEMBL,P24941
GHRJDUDIROBWRM-GDNBJRDFSA-N,O=C1Nc2cccc(C3CCNCC3)c2/C1=C/c1[nH]cc2c1CCOC2=O,O=C1Nc2cccc(C3CCNCC3)c2C1=Cc1[nH]cc2c1CCOC2=O,1,8.045757490560675,0.0,CHEMBL58224,487120,363.41700000000014,2.6873000000000014,3,4,83.22,2,ChEMBL,P24941
GJWREBSBNVGINK-UHFFFAOYSA-N,NCCSc1cc(-c2ccc[nH]2)c2c3c(ccc(F)c13)NC2=O,O=C1Nc2cccc3ccc(-c4ccc[nH]4)c1c23,1,8.522878745280337,0.0,CHEMBL311464,485995,327.38400000000007,3.5905000000000014,3,3,70.91,4,ChEMBL,P24941
GJWWXUHHULUCNL-UHFFFAOYSA-N,O=C(Nc1n[nH]c2nc(-c3ccc(O)c(Br)c3)ccc12)C1CC1,O=C(Nc1n[nH]c2nc(-c3ccccc3)ccc12)C1CC1,1,8.698970004336019,0.0,CHEMBL260416,106512,373.21000000000015,3.4415000000000004,3,4,90.9,3,ChEMBL,P24941
GKECVYSOZOUGQC-UHFFFAOYSA-N,NS(=O)(=O)c1ccc(N/N=C2\C(=O)Nc3ccc(F)cc32)cc1,O=C1Nc2ccccc2C1=NNc1ccccc1,2,7.468521082957745,0.0,CHEMBL273061,499344;1175162,334.33200000000005,1.2414,3,5,113.65,3,ChEMBL,P24941
GKYWYTPELQGBKI-UHFFFAOYSA-N,Nc1cccc(-c2cc(Nc3ccc(S(N)(=O)=O)cc3)[nH]n2)c1,c1ccc(Nc2cc(-c3ccccc3)n[nH]2)cc1,1,6.779891911959945,0.0,CHEMBL319831,830297,329.385,2.0498999999999996,4,5,126.88999999999997,4,ChEMBL,P24941
GNLAGGCSJGJECE-UHFFFAOYSA-N,CN(C)CC(O)COc1ccc(Nc2nccc(Nc3cc(Cl)ccc3Cl)n2)cc1,c1ccc(Nc2ccnc(Nc3ccccc3)n2)cc1,1,6.0,0.0,CHEMBL101311,111576,448.3540000000001,4.571900000000003,3,7,82.54,9,ChEMBL,P24941
GOWOIXBMOFKIQJ-YVLHZVERSA-N,CN1CCC(c2c(O)cc(O)c3c2O/C(=C\c2ccc(S(N)(=O)=O)cc2)C3=O)CC1,O=C1C(=Cc2ccccc2)Oc2c1cccc2C1CCNCC1,3,7.522878745280337,0.0,CHEMBL48362,393977;541706;797739,430.4820000000002,2.1706000000000003,3,7,130.16,3,ChEMBL,P24941
GPZPJEOUNUIIMR-WDZFZDKYSA-N,O=C1Nc2ccc(Br)cc2/C1=C/c1[nH]cc2c1CCNC2=O,O=C1Nc2ccccc2C1=Cc1[nH]cc2c1CCNC2=O,1,6.275724130399211,0.0,CHEMBL57639,506109,358.19500000000016,2.5558000000000005,3,2,73.99000000000001,1,ChEMBL,P24941
GSHTXHPUQGFFIY-UHFFFAOYSA-N,NS(=O)(=O)c1ccc(N/N=C2\C(=O)Nc3ccc([N+](=O)[O-])cc32)cc1,O=C1Nc2ccccc2C1=NNc1ccccc1,2,7.823908740944319,0.0,CHEMBL411886,510434;1177756,361.3390000000001,1.0105000000000002,3,7,156.79000000000002,4,ChEMBL,P24941
GTVPOLSIJWJJNY-UHFFFAOYSA-N,Cn1cnc2c(NCc3ccccc3)nc(NCCO)nc21,c1ccc(CNc2ncnc3[nH]cnc23)cc1,2,5.537860356969059,0.3829583969833159,CHEMBL280074,131161;563166,298.35,1.3795999999999995,3,6,87.89,6,ChEMBL,P24941
GUQGKTHAOXNYHX-UHFFFAOYSA-N,NCCCNc1cc(-c2ccc[nH]2)c2c3c(ccc(F)c13)NC2=O,O=C1Nc2cccc3ccc(-c4ccc[nH]4)c1c23,1,7.318758762624412,0.0,CHEMBL81196,509905,324.35900000000004,3.3004000000000007,4,3,82.94,5,ChEMBL,P24941
GWTAEVKZCDFFEX-UHFFFAOYSA-N,O=C(Nc1n[nH]c2cc(-c3cccs3)ccc12)C1CC1,O=C(Nc1n[nH]c2cc(-c3cccs3)ccc12)C1CC1,1,6.467245621007502,0.0,CHEMBL318522,138071,283.3560000000001,3.6399000000000017,2,3,57.78,3,ChEMBL,P24941
HEPUDXNQFWKBLI-UHFFFAOYSA-N,NS(=O)(=O)c1ccc(N/N=C2\C(=O)Nc3ccc(S(=O)(=O)O)cc32)cc1,O=C1Nc2ccccc2C1=NNc1ccccc1,1,7.823908740944319,0.0,CHEMBL412091,1159242,396.4060000000001,0.34900000000000037,4,7,168.01999999999998,4,ChEMBL,P24941
HFXOIGRMVJOTRY-JYRVWZFOSA-N,NS(=O)(=O)c1ccc(N/C=C2\C(=O)Nc3cccc(CO)c32)cc1,O=C1Nc2ccccc2C1=CNc1ccccc1,2,7.267606240177032,0.0,CHEMBL271137,424602;1153932,345.3800000000001,1.2314000000000003,4,5,121.52,4,ChEMBL,P24941
HGAFXPHIIHJZEB-JYRVWZFOSA-N,NS(=O)(=O)c1ccc(N/C=C2\C(=O)Nc3ccc(C(=O)O)cc32)cc1,O=C1Nc2ccccc2C1=CNc1ccccc1,1,7.552841968657781,0.0,CHEMBL272668,1178972,359.3630000000001,1.4373,4,5,138.58999999999997,4,ChEMBL,P24941
HGFLDVQTDYSNRS-BOPFTXTBSA-N,CN1CCC(c2c(O)cc(O)c3c2O/C(=C\c2ccccc2)C3=O)CC1,O=C1C(=Cc2ccccc2)Oc2c1cccc2C1CCNCC1,3,5.892790030352131,0.0,CHEMBL51709,419248;551663;816419,351.4020000000001,3.523200000000002,2,5,70.0,2,ChEMBL,P24941
HHNLJCDJQYVVOF-WDZFZDKYSA-N,NS(=O)(=O)c1ccc2c(c1)/C(=C/c1[nH]cc3c1CCOC3=O)C(=O)N2,O=C1Nc2ccccc2C1=Cc1[nH]cc2c1CCOC2=O,1,7.920818753952375,0.0,CHEMBL432491,477355,359.36300000000017,0.8676999999999999,3,5,131.35,2,ChEMBL,P24941
HKTRJIILONQAFK-UHFFFAOYSA-N,Cc1ccc(F)c(Nc2ccnc(Nc3ccc(OCC(O)CN(C)C)cc3)n2)c1,c1ccc(Nc2ccnc(Nc3ccccc3)n2)cc1,1,5.698970004336019,0.0,CHEMBL101468,139323,411.4810000000002,3.712620000000002,3,7,82.54,9,ChEMBL,P24941
HLUXRVXOTIQDHH-UHFFFAOYSA-N,NS(=O)(=O)c1ccc(N/N=C2\C(=O)Nc3ccc(-c4cnco4)cc32)cc1,O=C1Nc2ccc(-c3cnco3)cc2C1=NNc1ccccc1,2,8.638272163982407,0.0,CHEMBL269827,477909;1168728,383.3890000000001,1.7573,3,7,139.68,4,ChEMBL,P24941
HPMKMPNNTLGDLY-UHFFFAOYSA-N,Nc1nc(Nc2cccc(Br)c2)nc(OCC2CCCCC2)c1N=O,c1ccc(Nc2nccc(OCC3CCCCC3)n2)cc1,1,6.301029995663981,0.0,CHEMBL107530,984956,406.2840000000003,4.9219000000000035,2,7,102.49000000000001,6,ChEMBL,P24941
HQGMRHNRHQZULO-UHFFFAOYSA-N,CN(C)CC(O)COc1ccc(Nc2nccc(N(CCCC(F)(F)F)c3cc(Cl)ccc3Cl)n2)cc1,c1ccc(Nc2ccnc(Nc3ccccc3)n2)cc1,1,4.920818753952375,0.0,CHEMBL101887,125500,558.4320000000002,6.308900000000006,2,7,73.75,12,ChEMBL,P24941
HSTYENZAXRTDNP-JYRVWZFOSA-N,CC(=O)NS(=O)(=O)c1ccc(N/C=C2\C(=O)Nc3ccc4ncsc4c32)cc1,O=C1Nc2ccc3ncsc3c2C1=CNc1ccccc1,2,7.1249387366083,0.0,CHEMBL1964243,428490;1175170,414.46800000000013,2.5262000000000002,3,7,117.26,4,ChEMBL,P24941
HUUHWIKDYLSDJJ-UHFFFAOYSA-N,CN(C)CC(O)COc1ccc(Nc2nccc(N(CCC#N)c3cc(Cl)ccc3Cl)n2)cc1,c1ccc(Nc2ccnc(Nc3ccccc3)n2)cc1,1,5.522878745280337,0.0,CHEMBL101156,120507,501.4180000000003,4.880080000000004,2,8,97.54,11,ChEMBL,P24941
HUUYQUKEWGQKGJ-UHFFFAOYSA-N,CC(C)(C)OC(=O)NCCNc1cc(-c2ccc[nH]2)c2c3c(ccc(F)c13)NC2=O,O=C1Nc2cccc3ccc(-c4ccc[nH]4)c1c23,1,5.259637310505756,0.0,CHEMBL84284,485994,410.4490000000001,4.476300000000002,4,4,95.25,5,ChEMBL,P24941
HYBCPKCAHCAFSQ-UHFFFAOYSA-N,CN(C)CCNS(=O)(=O)c1ccc(Nc2nccc(-c3cnc4ccccn34)n2)cc1,c1ccc(Nc2nccc(-c3cnc4ccccn34)n2)cc1,1,8.301029995663981,0.0,CHEMBL72548,558051,437.5290000000001,2.3748000000000005,2,7,104.52000000000001,8,ChEMBL,P24941
HYFAEVUXFBZHKP-JYRVWZFOSA-N,CN(C)S(=O)(=O)c1ccc2c(c1)/C(=C/c1[nH]cc3c1CCOC3=O)C(=O)N2,O=C1Nc2ccccc2C1=Cc1[nH]cc2c1CCOC2=O,1,7.481486060122112,0.0,CHEMBL57256,506105,387.41700000000026,1.4706000000000001,2,5,108.57,3,ChEMBL,P24941
IARGFZHXWHLMNG-UHFFFAOYSA-N,COCCNS(=O)(=O)c1ccc(Nc2nccc(-c3cnc4ccccn34)n2)cc1,c1ccc(Nc2nccc(-c3cnc4ccccn34)n2)cc1,1,7.920818753952375,0.0,CHEMBL309573,558049,424.4860000000001,2.4596,2,7,110.50999999999999,8,ChEMBL,P24941
IGWUXPFABXHPLJ-LCYFTJDESA-N,CN(C)S(=O)(=O)c1ccc(N/C=C2\C(=O)Nc3ccc4ncsc4c32)cc1,O=C1Nc2ccc3ncsc3c2C1=CNc1ccccc1,2,8.337242168318426,0.0,CHEMBL1964247,417000;1155253,400.4850000000001,2.9517000000000007,2,6,91.4,4,ChEMBL,P24941
IHKGTVZWLMITRF-UHFFFAOYSA-N,O=C(Nc1n[nH]c2nc(-c3ccc(O)cc3)ccc12)C1CC1,O=C(Nc1n[nH]c2nc(-c3ccccc3)ccc12)C1CC1,1,7.886056647693163,0.0,CHEMBL405145,144061,294.31400000000014,2.6790000000000003,3,4,90.9,3,ChEMBL,P24941
IHOIRURKGWDCHK-VBKFSLOCSA-N,CN(c1ccccn1)S(=O)(=O)c1ccc(N/C=C2\C(=O)Nc3ccc4ncsc4c32)cc1,O=C1Nc2ccc3ncsc3c2C1=CNc1ccc(S(=O)(=O)Nc2ccccn2)cc1,1,8.2518119729938,0.0,CHEMBL1964253,1175168,463.54400000000015,3.9215000000000018,2,7,104.29,5,ChEMBL,P24941
IJMSMJUUYYSKBT-UHFFFAOYSA-N,O=C(Nc1n[nH]c2cc(-c3ccco3)ccc12)C1CC1,O=C(Nc1n[nH]c2cc(-c3ccco3)ccc12)C1CC1,1,6.199970640755866,0.0,CHEMBL421207,116837,267.288,3.171400000000001,2,3,70.92,3,ChEMBL,P24941
IKASAFLVQIJQOK-UVTDQMKNSA-N,CNS(=O)(=O)c1ccc(N/C=C2\C(=O)Nc3ccccc32)cc1,O=C1Nc2ccccc2C1=CNc1ccccc1,1,6.251811972993799,0.0,CHEMBL1234085,1142488,329.38100000000003,1.9997999999999996,3,4,87.30000000000001,4,ChEMBL,P24941
IRBHAVXRXYJMRS-UHFFFAOYSA-N,Nc1nc(Nc2ccc(S(N)(=O)=O)cc2)nc(OCC2CCCCC2)c1N=O,c1ccc(Nc2nccc(OCC3CCCCC3)n2)cc1,1,8.958607314841775,0.0,CHEMBL318999,971312,406.4680000000003,2.8068,3,9,162.64999999999998,7,ChEMBL,P24941
IUCLAKBWNSRBAI-UHFFFAOYSA-N,CN1CCC(c2c(O)cc(O)c3c(=O)cc(SC(C)(C)C)oc23)C(O)C1,O=c1ccoc2c(C3CCNCC3)cccc12,1,5.97061622231479,0.0,CHEMBL112582,812840,379.4780000000002,2.8748000000000014,3,7,94.14,2,ChEMBL,P24941
IYLDFGXTNQSFHI-UHFFFAOYSA-O,O=C1Nc2ccc3ncsc3c2/C1=C/Nc1ccc(S(=O)(=O)N[n+]2ccc3ccccc3c2)cc1,O=C1Nc2ccc3ncsc3c2C1=CNc1ccc(S(=O)(=O)N[n+]2ccc3ccccc3c2)cc1,1,8.022276394711152,0.0,CHEMBL2112297,1152644,500.58500000000015,4.074500000000002,3,6,104.07,5,ChEMBL,P24941
JBKFSYGZKCTBDB-UHFFFAOYSA-N,CSc1ccc(Nc2nc(N)c(N=O)c(OCC3CCCCC3)n2)cc1,c1ccc(Nc2nccc(OCC3CCCCC3)n2)cc1,1,6.920818753952375,0.0,CHEMBL322568,963547,373.48200000000014,4.881300000000003,2,8,102.49000000000001,7,ChEMBL,P24941
JBLZWJCKPDQCNX-UHFFFAOYSA-N,CC(C)n1cnc2c(NCc3ccccc3)ncnc21,c1ccc(CNc2ncnc3[nH]cnc23)cc1,1,5.346787486224656,0.0,CHEMBL85015,141890,267.336,3.019300000000001,1,4,55.63,4,ChEMBL,P24941
JDCNVHIMGRHJQB-UHFFFAOYSA-N,COc1ccc2c(c1)/C(=N/Nc1ccc(S(N)(=O)=O)cc1)C(=O)N2,O=C1Nc2ccccc2C1=NNc1ccccc1,2,7.920818753952375,0.0,CHEMBL260103,511500;1168732,346.36800000000005,1.1108999999999998,3,6,122.88,4,ChEMBL,P24941
JDXDUTOQTGQWJD-UHFFFAOYSA-N,COCCCNS(=O)(=O)c1ccc(Nc2nccc(-c3cnc4ccccn34)n2)cc1,c1ccc(Nc2nccc(-c3cnc4ccccn34)n2)cc1,1,8.397940008672037,0.0,CHEMBL73243,578714,438.51300000000015,2.8497000000000012,2,7,110.50999999999999,9,ChEMBL,P24941
JEJQCXCBSIHCGU-CYBMUJFWSA-N,CC(C)n1cnc2c(NCc3ccccc3)nc(NC[C@@H](C)O)nc21,c1ccc(CNc2ncnc3[nH]cnc23)cc1,1,6.698970004336019,0.0,CHEMBL84436,133600,340.4310000000001,2.8120000000000007,3,6,87.89,7,ChEMBL,P24941
JGBCHSGVRWYCES-WQLSENKSSA-N,CS(=O)(=O)c1ccc(N/C=C2\C(=O)Nc3ccc4ncsc4c32)cc1,O=C1Nc2ccc3ncsc3c2C1=CNc1ccccc1,1,8.244125144327509,0.0,CHEMBL1964260,1159254,371.4430000000001,3.1049000000000007,2,6,88.16,3,ChEMBL,P24941
JIQRMBNAYWCUEG-UHFFFAOYSA-N,CCN1CCN(CCCC(=O)Nc2n[nH]c3nc(-c4ccc(O)cc4)c(Br)cc23)CC1,O=C(CCCN1CCNCC1)Nc1n[nH]c2nc(-c3ccccc3)ccc12,1,7.221848749616356,0.0,CHEMBL407981,125502,487.4020000000002,3.449200000000001,3,6,97.38,7,ChEMBL,P24941
JPHSILBVVGFZAR-UHFFFAOYSA-N,CC(C)c1cccc2c1/C(=N/Nc1ccc(S(N)(=O)=O)cc1)C(=O)N2,O=C1Nc2ccccc2C1=NNc1ccccc1,2,8.602059991327963,0.0,CHEMBL411426,496925;1170042,358.4230000000001,2.2257,3,5,113.64999999999998,4,ChEMBL,P24941
JQTFENOAVWLXLV-UHFFFAOYSA-N,NCCCc1cc(-c2ccc[nH]2)c2c3c(ccc(F)c13)NC2=O,O=C1Nc2cccc3ccc(-c4ccc[nH]4)c1c23,1,8.154901959985743,0.0,CHEMBL312726,500049,309.34400000000005,3.431000000000001,3,2,70.91,4,ChEMBL,P24941
JRTSBKRFLSGRIV-UHFFFAOYSA-N,C#CCN(c1cc(Nc2ccc(OCC(O)CN(C)C)cc2)ncn1)c1cc(Cl)ccc1Cl,c1ccc(Nc2cc(Nc3ccccc3)ncn2)cc1,1,4.721246399047171,0.0,CHEMBL100945,364054,486.40300000000013,4.599600000000004,2,7,73.75,10,ChEMBL,P24941
JUCGBCAPXDBWDV-UHFFFAOYSA-N,CN(C)CC(O)COc1ccc(Nc2nccc(Nc3ccccc3Br)n2)cc1,c1ccc(Nc2ccnc(Nc3ccccc3)n2)cc1,1,5.154901959985743,0.0,CHEMBL103633,134408,458.36000000000007,4.027600000000002,3,7,82.54,9,ChEMBL,P24941
JZXIDVJITODWRO-UHFFFAOYSA-N,CN(C)CC(O)COc1ccc(Nc2nccc(Nc3ccccc3C#N)n2)cc1,c1ccc(Nc2ccnc(Nc3ccccc3)n2)cc1,1,5.3979400086720375,0.0,CHEMBL99689,114279,404.4740000000001,3.136780000000001,3,8,106.33,9,ChEMBL,P24941
KBESLZOGXNTNCJ-UHFFFAOYSA-N,CC(C)c1ccc2c(c1)NC(=O)/C2=N/Nc1ccc(S(N)(=O)=O)cc1,O=C1Nc2ccccc2C1=NNc1ccccc1,2,7.1249387366083,0.0,CHEMBL271594,505587;1161894,358.42300000000006,2.2257,3,5,113.65,4,ChEMBL,P24941
KFUHNOUIIKZZNO-UHFFFAOYSA-N,NS(=O)(=O)c1ccc(N/N=C2\C(=O)Nc3ccc4ncccc4c32)cc1,O=C1Nc2ccc3ncccc3c2C1=NNc1ccccc1,1,8.795880017344075,0.0,CHEMBL409892,1160479,367.3900000000001,1.6504999999999999,3,6,126.54,3,ChEMBL,P24941
KGIDFBNHNUZTPT-UHFFFAOYSA-N,O=C(Nc1n[nH]c2nc(-c3ccc(O)cc3)c(-c3ccccc3)cc12)C1CC1,O=C(Nc1n[nH]c2nc(-c3ccccc3)c(-c3ccccc3)cc12)C1CC1,1,8.301029995663981,0.0,CHEMBL427909,118042,370.41200000000015,4.346000000000002,3,4,90.9,4,ChEMBL,P24941
KJLKMQRZXPBHID-UHFFFAOYSA-N,Cc1nc2ccccn2c1-c1ccnc(Nc2cccc(Cl)c2)n1,c1ccc(Nc2nccc(-c3cnc4ccccn34)n2)cc1,1,6.823908740944319,0.0,CHEMBL73189,562710,335.79800000000006,4.4967200000000025,1,4,55.11,3,ChEMBL,P24941
KJUURYWTEJSJCF-WQLSENKSSA-N,O=C1Nc2cccc(CCO)c2/C1=C/c1[nH]cc2c1CCOC2=O,O=C1Nc2ccccc2C1=Cc1[nH]cc2c1CCOC2=O,1,7.522878745280337,0.0,CHEMBL58483,507370,324.3360000000001,1.7551,3,4,91.42000000000002,3,ChEMBL,P24941
KLYOKJDELSPRDU-WQLSENKSSA-N,CNS(=O)(=O)c1ccc(N/C=C2\C(=O)Nc3ccc4ncsc4c32)cc1,O=C1Nc2ccc3ncsc3c2C1=CNc1ccccc1,2,8.2518119729938,0.0,CHEMBL1964245,422107;1159246,386.4580000000001,2.6095000000000006,3,6,100.19000000000001,4,ChEMBL,P24941
KMOIDYHHPHGHBT-UHFFFAOYSA-N,CN1CCC(c2c(O)cc(O)c3c(=O)cc(Sc4ccccc4Cl)oc23)C(O)C1,O=c1cc(Sc2ccccc2)oc2c(C3CCNCC3)cccc12,1,5.6777807052660805,0.0,CHEMBL113544,811585,433.9130000000001,3.788800000000001,3,7,94.14,3,ChEMBL,P24941
KTEUANCPUUWBLK-UHFFFAOYSA-N,NS(=O)(=O)c1cccc(Nc2cc(-c3ccc(F)cc3)n[nH]2)c1,c1ccc(Nc2cc(-c3ccccc3)n[nH]2)cc1,1,6.059981844992337,0.0,CHEMBL329040,863108,332.36,2.6068000000000007,3,4,100.87,4,ChEMBL,P24941
KVCWGWGQOGKCFH-UHFFFAOYSA-N,NC(=O)c1ccc(Nc2nc(N)cc(OCC3CCCCC3)n2)cc1,c1ccc(Nc2nccc(OCC3CCCCC3)n2)cc1,1,4.229147988357856,0.0,CHEMBL319709,961037,341.41500000000013,2.860400000000001,3,6,116.15,6,ChEMBL,P24941
KYEOZKUGBAEJRO-UHFFFAOYSA-N,CCN(CC)CCNc1cc(-c2ccc[nH]2)c2c3c(ccc(F)c13)NC2=O,O=C1Nc2cccc3ccc(-c4ccc[nH]4)c1c23,1,6.531652669587842,0.0,CHEMBL84347,487128,366.4400000000001,4.293400000000002,3,3,60.16,7,ChEMBL,P24941
LFWPDIWWAQIGSW-LCYFTJDESA-N,O=C1Nc2ccc3ncsc3c2/C1=C/Nc1ccc(S(=O)(=O)NCCO)cc1,O=C1Nc2ccc3ncsc3c2C1=CNc1ccccc1,2,8.327902142064282,0.0,CHEMBL1964246,413330;1173815,416.48400000000015,1.9720000000000002,4,7,120.42,6,ChEMBL,P24941
LIPCBHIBAKMSAU-UHFFFAOYSA-N,CS(=O)(=O)Nc1ccc(Nc2cc(-c3cccc(Br)c3)[nH]n2)cc1,c1ccc(Nc2cc(-c3ccccc3)[nH]n2)cc1,1,6.220403508742176,0.0,CHEMBL418985,852815,407.29300000000006,3.9543000000000017,3,4,86.88000000000001,5,ChEMBL,P24941
LMHJODWZPPIPQX-GHXNOFRVSA-N,CNS(=O)(=O)c1ccc2c(c1)/C(=C/c1[nH]cc3c1CCOC3=O)C(=O)N2,O=C1Nc2ccccc2C1=Cc1[nH]cc2c1CCOC2=O,1,8.397940008672037,0.0,CHEMBL60541,478714,373.3900000000002,1.1283999999999998,3,5,117.35999999999999,3,ChEMBL,P24941
LQPLEEYQXIQYSE-UHFFFAOYSA-N,Cc1nc2ccccn2c1-c1ccnc(Nc2ccc(Cl)cc2)n1,c1ccc(Nc2nccc(-c3cnc4ccccn34)n2)cc1,1,6.2076083105017466,0.0,CHEMBL73645,559315,335.79800000000006,4.4967200000000025,1,4,55.11,3,ChEMBL,P24941
LSPANGZZENHZNJ-UHFFFAOYSA-N,COc1cc2ncnc(Nc3cccc(Br)c3)c2cc1OC,c1ccc(Nc2ncnc3ccccc23)cc1,1,3.6020599913279625,0.0,CHEMBL29197,654943,360.2110000000001,4.153100000000003,1,5,56.27000000000001,4,ChEMBL,P24941
LTYGAJVXAFJKSY-UHFFFAOYSA-N,NS(=O)(=O)c1ccc(NC=C2C(=O)Nc3ccc4ncsc4c32)cc1,O=C1Nc2ccc3ncsc3c2C1=CNc1ccccc1,2,8.55284196865778,0.0,CHEMBL1794055,423436;1172514,372.4310000000001,2.3487999999999998,3,6,114.17999999999999,3,ChEMBL,P24941
LVXJRTHJNTVQTE-UHFFFAOYSA-N,NS(=O)(=O)c1ccc(N/N=C2\C(=O)Nc3ccc(S(N)(=O)=O)cc32)cc1,O=C1Nc2ccccc2C1=NNc1ccccc1,2,7.366531544420414,0.0,CHEMBL272387,490038;1175164,395.42200000000014,-0.2502999999999991,4,7,173.81,4,ChEMBL,P24941
LZURCICLQQQODJ-UHFFFAOYSA-N,Cc1nc2ccccn2c1-c1ccnc(N)n1,c1ccn2c(-c3ccncn3)cnc2c1,1,5.3979400086720375,0.0,CHEMBL100979,817348,225.25499999999997,1.6819199999999996,1,4,69.1,1,ChEMBL,P24941
MDLCRDRHMKWDSB-UHFFFAOYSA-N,NS(=O)(=O)c1ccc(N/N=C2\C(=O)Nc3cccc([N+](=O)[O-])c32)cc1,O=C1Nc2ccccc2C1=NNc1ccccc1,2,5.619788758288394,0.0,CHEMBL409619,481774;1156654,361.3390000000001,1.0105000000000002,3,7,156.79000000000002,4,ChEMBL,P24941
MEIJADBULOETOV-UHFFFAOYSA-N,CN(C)CC(O)COc1ccc(Nc2ncc(Br)c(Nc3ccccc3)n2)cc1,c1ccc(Nc2ccnc(Nc3ccccc3)n2)cc1,1,6.522878745280337,0.0,CHEMBL419534,141557,458.36000000000007,4.027600000000002,3,7,82.54,9,ChEMBL,P24941
MIFAIQVSQMDIEY-UHFFFAOYSA-N,O=C1Nc2ccc(F)c3c(SCCO)cc(-c4ccc[nH]4)c1c23,O=C1Nc2cccc3ccc(-c4ccc[nH]4)c1c23,1,7.853871964321762,0.0,CHEMBL83369,488356,328.368,3.624100000000001,3,3,65.12,4,ChEMBL,P24941
MMAAFRFXWDLEGA-WDZFZDKYSA-N,O=C1Nc2ccc(C(=O)O)cc2/C1=C/c1[nH]cc2c1CCOC2=O,O=C1Nc2ccccc2C1=Cc1[nH]cc2c1CCOC2=O,1,8.397940008672037,0.0,CHEMBL293068,496460,324.29200000000014,1.9185,3,4,108.49000000000001,2,ChEMBL,P24941
MNROLFUOLVMVKW-ATVHPVEESA-N,O=C1Nc2ccc3ncsc3c2/C1=C/Nc1ccc(S(=O)(=O)Nc2ccccc2)cc1,O=C1Nc2ccc3ncsc3c2C1=CNc1ccc(S(=O)(=O)Nc2ccccc2)cc1,2,8.366531544420413,0.0,CHEMBL1964244,422108;1157792,448.5290000000001,4.502200000000002,3,6,100.19,5,ChEMBL,P24941
MWGXGTJJAOZBNW-UHFFFAOYSA-N,Nc1nc(OCC2CCCCC2)c2nc[nH]c2n1,c1nc(OCC2CCCCC2)c2nc[nH]c2n1,1,4.769551078621726,0.0,CHEMBL269881,978648,247.30199999999996,1.8941999999999999,2,5,89.71,3,ChEMBL,P24941
MXQMYWXBECXGHZ-UHFFFAOYSA-N,CCSc1cc(=O)c2c(O)cc(O)c(C3CCN(C)CC3O)c2o1,O=c1ccoc2c(C3CCNCC3)cccc12,1,5.405607449624573,0.0,CHEMBL326843,815272,351.4240000000001,2.0962,3,7,94.14,3,ChEMBL,P24941
NAXHLQWKWRGFOK-UHFFFAOYSA-N,CC(C)(N)CNc1cc(-c2ccc[nH]2)c2c3c(ccc(F)c13)NC2=O,O=C1Nc2cccc3ccc(-c4ccc[nH]4)c1c23,1,7.187086643357144,0.0,CHEMBL82768,509909,338.3860000000001,3.688900000000001,4,3,82.94,4,ChEMBL,P24941
NBJFUFLDDIMRFK-ZSOIEALJSA-N,NS(=O)(=O)c1ccc(N/C=C2\C(=O)Nc3cc(CO)ccc32)cc1,O=C1Nc2ccccc2C1=CNc1ccccc1,2,7.214670164989233,0.0,CHEMBL410293,423435;1159244,345.38000000000005,1.2313999999999998,4,5,121.52,4,ChEMBL,P24941
NBWQLTANUJBFJB-UHFFFAOYSA-N,CS(=O)(=O)Nc1cccc(-c2cc(Nc3ccc(S(N)(=O)=O)cc3)[nH]n2)c1,c1ccc(Nc2cc(-c3ccccc3)n[nH]2)cc1,1,7.97061622231479,0.0,CHEMBL421578,855041,407.47700000000015,1.8391999999999997,4,6,147.03999999999996,6,ChEMBL,P24941
NFLNGTZCZDPIPL-UHFFFAOYSA-N,O=C(Nc1n[nH]c2nc(-c3cccs3)c(Br)cc12)C1CC1,O=C(Nc1n[nH]c2nc(-c3cccs3)ccc12)C1CC1,1,6.1944991418416,0.0,CHEMBL260231,112986,363.2400000000002,3.7974000000000014,2,4,70.67,3,ChEMBL,P24941
NJMMRCLGMDYDCP-WQLSENKSSA-N,O=C1Nc2cccc(CCO)c2/C1=C/c1[nH]cc2c1CCNC2=O,O=C1Nc2ccccc2C1=Cc1[nH]cc2c1CCNC2=O,1,6.468521082957745,0.0,CHEMBL445607,508708,323.3520000000001,1.3281,4,3,94.22,3,ChEMBL,P24941
NRXJRPGNKFISAO-WDZFZDKYSA-N,O=C1Nc2ccc(Br)cc2/C1=C/c1[nH]cc2c1CCOC2=O,O=C1Nc2ccccc2C1=Cc1[nH]cc2c1CCOC2=O,1,6.721246399047171,0.0,CHEMBL292864,496464,359.1790000000002,2.982800000000001,2,3,71.19,1,ChEMBL,P24941
NSBUFSWCDJEGDQ-UHFFFAOYSA-N,CN(C)CC(O)COc1ccc(Nc2nccc(Nc3ccc(Cl)cc3)n2)cc1,c1ccc(Nc2ccnc(Nc3ccccc3)n2)cc1,1,4.7447274948966935,0.0,CHEMBL430854,139321,413.90900000000005,3.9185000000000016,3,7,82.54,9,ChEMBL,P24941
NUZXCSHGBWCGDO-UHFFFAOYSA-N,NS(=O)(=O)c1ccc(N/N=C2\C(=O)Nc3ccc4[nH]ncc4c32)cc1,O=C1Nc2ccc3[nH]ncc3c2C1=NNc1ccccc1,1,7.886056647693163,0.0,CHEMBL272833,1152642,356.3670000000001,0.9785999999999999,4,6,142.32999999999998,3,ChEMBL,P24941
NWIYVWKNSRTHFA-UHFFFAOYSA-N,NS(=O)(=O)c1ccc(Nc2cc(-c3ccc(F)cc3)[nH]n2)cc1,c1ccc(Nc2cc(-c3ccccc3)[nH]n2)cc1,1,7.7594507517174005,0.0,CHEMBL103382,853949,332.35999999999996,2.6068000000000007,3,4,100.86999999999999,4,ChEMBL,P24941
NWJBWUFQUJNFKY-GHXNOFRVSA-N,NS(=O)(=O)Cc1ccc(N/C=C2\C(=O)Nc3ccc4ncsc4c32)cc1,O=C1Nc2ccc3ncsc3c2C1=CNc1ccccc1,1,8.1249387366083,0.0,CHEMBL1964257,1173819,386.4580000000001,2.4899000000000004,3,6,114.17999999999999,4,ChEMBL,P24941
ODZNNZYRBRRREX-UHFFFAOYSA-N,NS(=O)(=O)c1ccc(N/N=C2\C(=O)Nc3ccc(Br)cc32)cc1,O=C1Nc2ccccc2C1=NNc1ccccc1,2,7.221848749616356,0.0,CHEMBL411491,487781;1175158,395.23800000000006,1.8648,3,5,113.65,3,ChEMBL,P24941
OHDQHRAKDCCIMS-UHFFFAOYSA-N,CN(C)CC(O)COc1ccc(Nc2ncc(Br)c(N(CCCC(F)(F)F)c3ccccc3)n2)cc1,c1ccc(Nc2ccnc(Nc3ccccc3)n2)cc1,1,6.698970004336019,0.0,CHEMBL419720,108796,568.4380000000002,5.764600000000005,2,7,73.75,12,ChEMBL,P24941
OMCNPZUKTXGTFK-UHFFFAOYSA-N,NS(=O)(=O)c1ccc(Nc2cc(-c3ccc(Br)cc3)[nH]n2)cc1,c1ccc(Nc2cc(-c3ccccc3)[nH]n2)cc1,1,8.0,0.0,CHEMBL319903,841106,393.266,3.230200000000001,3,4,100.86999999999999,4,ChEMBL,P24941
ONVJWTCYZZHCFH-DHDCSXOGSA-N,C/C(Nc1ccc(S(N)(=O)=O)cc1)=C1/C(=O)Nc2ccc(Cl)cc21,O=C1Nc2ccccc2C1=CNc1ccccc1,2,7.657577319177793,0.0,CHEMBL412097,415797;1166069,363.8260000000001,2.7826000000000013,3,4,101.28999999999999,3,ChEMBL,P24941
OPQGFIAVPSXOBO-UHFFFAOYSA-N,CC(C)n1cnc2c(NCc3ccccc3)nc(NCCCO)nc21,c1ccc(CNc2ncnc3[nH]cnc23)cc1,1,6.096910013008056,0.0,CHEMBL83980,119601,340.43100000000015,2.8136000000000005,3,6,87.89,8,ChEMBL,P24941
ORMCURCBAUGAQD-GDNBJRDFSA-N,O=C1Nc2cccc(C3CCNCC3)c2/C1=C/c1[nH]cc2c1CCNC2=O,O=C1Nc2cccc(C3CCNCC3)c2C1=Cc1[nH]cc2c1CCNC2=O,1,7.309803919971486,0.0,CHEMBL58466,473994,362.4330000000001,2.2603,4,3,86.02000000000001,2,ChEMBL,P24941
OSCWQKTUILTARV-UHFFFAOYSA-N,CN(C)CC(O)COc1ccc(Nc2cc(Nc3cc(C(F)(F)F)ccc3F)ncn2)cc1,c1ccc(Nc2cc(Nc3ccccc3)ncn2)cc1,2,4.455931955649724,0.0,CHEMBL101557,139327;371187,465.4510000000001,4.423000000000003,3,7,82.54,9,ChEMBL,P24941
OSOOMYVRUVOQLW-UHFFFAOYSA-N,NS(=O)(=O)c1ccc(N/N=C2\C(=O)Nc3ccc(Cl)cc32)cc1,O=C1Nc2ccccc2C1=NNc1ccccc1,3,7.366531544420414,0.07370277729839146,CHEMBL270054,219635;485371;1150274,350.7870000000001,1.7557,3,5,113.65,3,ChEMBL,P24941
OTPNDVKVEAIXTI-IYBDPMFKSA-N,O=C1NC(=O)c2c1c1c3ccccc3n3c1c1c2c2ccccc2n1[C@H]1CC[C@@H]3O1,O=C1NC(=O)c2c1c1c3ccccc3n3c1c1c2c2ccccc2n1C1CCC3O1,1,6.267606240177032,0.0,CHEMBL289422,1026989,393.40200000000016,4.607200000000002,1,3,65.26,0,ChEMBL,P24941
OTYOSKLKYVXQAT-UHFFFAOYSA-N,NS(=O)(=O)c1ccc(Nc2cc(-c3cccc(N4CCOCC4)c3)[nH]n2)cc1,c1ccc(Nc2cc(-c3cccc(N4CCOCC4)c3)[nH]n2)cc1,1,6.309803919971486,0.0,CHEMBL103039,841108,399.47600000000017,2.3043000000000005,3,6,113.33999999999999,5,ChEMBL,P24941
OWXORKPNCHJYOF-UHFFFAOYSA-N,NS(=O)(=O)c1ccc(Nc2nc(OCC3CCCCC3)c3nc[nH]c3n2)cc1,c1ccc(Nc2nc(OCC3CCCCC3)c3nc[nH]c3n2)cc1,1,8.267606240177031,0.0,CHEMBL319467,973805,402.48000000000013,2.7030000000000003,3,7,135.88,6,ChEMBL,P24941
PCSKJPPAHVCSPT-UHFFFAOYSA-N,Cc1ccccc1Nc1cc(Nc2ccc(OCC(O)CN(C)C)cc2)ncn1,c1ccc(Nc2cc(Nc3ccccc3)ncn2)cc1,1,4.4089353929735005,0.0,CHEMBL418793,359968,393.4910000000001,3.573520000000001,3,7,82.54,9,ChEMBL,P24941
PGSHABRJZCOCPJ-UHFFFAOYSA-N,CC(C)n1cnc2c(N)nc(NCCCO)nc21,c1ncc2nc[nH]c2n1,1,5.619788758288394,0.0,CHEMBL84140,124665,250.30599999999998,0.7836999999999998,3,6,101.88000000000001,5,ChEMBL,P24941
PHBYLJJSRMJTRE-UHFFFAOYSA-N,CCOc1cccc2c1/C(=N/Nc1ccc(S(N)(=O)=O)cc1)C(=O)N2,O=C1Nc2ccccc2C1=NNc1ccccc1,1,7.031517051446065,0.0,CHEMBL411696,503204,360.3950000000001,1.501,3,6,122.88,5,ChEMBL,P24941
PHJMZSOICSKGSN-UHFFFAOYSA-N,Cc1cc(-c2ccc[nH]2)c2c3c(ccc(F)c13)NC2=O,O=C1Nc2cccc3ccc(-c4ccc[nH]4)c1c23,1,6.424812155072339,0.0,CHEMBL82603,479855,266.275,3.8481200000000015,2,1,44.89,1,ChEMBL,P24941
PIGVRBXVSCGJKI-UHFFFAOYSA-N,NCCS(=O)(=O)c1cc(-c2ccc[nH]2)c2c3c(ccc(F)c13)NC2=O,O=C1Nc2cccc3ccc(-c4ccc[nH]4)c1c23,1,7.638272163982407,0.0,CHEMBL309767,490682,359.38200000000006,2.2721,3,4,105.05000000000001,4,ChEMBL,P24941
PJIZRNLSHFUIAW-UHFFFAOYSA-N,N#CCCc1cc(-c2ccc[nH]2)c2c3c(ccc(F)c13)NC2=O,O=C1Nc2cccc3ccc(-c4ccc[nH]4)c1c23,1,8.301029995663981,0.0,CHEMBL415471,493116,305.312,3.9958800000000014,2,2,68.68,3,ChEMBL,P24941
PKSFLOGCPXWJIU-UHFFFAOYSA-N,CN1CCC(c2c(O)cc(O)c3c(=O)cc(Oc4ccccc4Cl)oc23)C(O)C1,O=c1cc(Oc2ccccc2)oc2c(C3CCNCC3)cccc12,1,5.675717544702307,0.0,CHEMBL326275,822151,417.84500000000014,3.4299000000000017,3,7,103.37,3,ChEMBL,P24941
PMMLCFGXGRUZOU-WDZFZDKYSA-N,O=C1Nc2ccc(Cl)cc2/C1=C/c1[nH]cc2c1CCOC2=O,O=C1Nc2ccccc2C1=Cc1[nH]cc2c1CCOC2=O,1,7.055517327849832,0.0,CHEMBL301639,483671,314.7280000000001,2.8737000000000004,2,3,71.19,1,ChEMBL,P24941
PMXCMJLOPOFPBT-HNNXBMFYSA-N,CC(C)[C@H](CO)Nc1nc(Nc2cccc(Cl)c2)c2ncn(C(C)C)c2n1,c1ccc(Nc2ncnc3[nH]cnc23)cc1,1,8.397940008672037,0.0,CHEMBL23327,622800,388.90300000000013,4.233000000000002,3,6,87.89,7,ChEMBL,P24941
PNRPHJODAJMHCK-UHFFFAOYSA-N,COc1ccc2c(c1Cl)/C(=N/Nc1ccc(S(N)(=O)=O)cc1)C(=O)N2,O=C1Nc2ccccc2C1=NNc1ccccc1,2,7.267606240177032,0.0,CHEMBL271822,396725;1177758,380.8130000000001,1.764299999999999,3,6,122.88,4,ChEMBL,P24941
PPVMYMZOVUTVPA-UHFFFAOYSA-N,COc1ccccc1Nc1ccnc(Nc2ccc(OCC(O)CN(C)C)cc2)n1,c1ccc(Nc2ccnc(Nc3ccccc3)n2)cc1,1,4.823908740944319,0.0,CHEMBL100664,136825,409.4900000000002,3.2737000000000007,3,8,91.77,10,ChEMBL,P24941
PQDMZMITVLVBIU-UHFFFAOYSA-N,Cc1ccc(Nc2ccnc(Nc3ccc(OCC(O)CN(C)C)cc3)n2)cc1,c1ccc(Nc2ccnc(Nc3ccccc3)n2)cc1,1,4.585026652029182,0.0,CHEMBL99687,122915,393.4910000000001,3.573520000000002,3,7,82.54,9,ChEMBL,P24941
PVLOKYREDKFWTF-UHFFFAOYSA-N,NS(=O)(=O)c1ccc(Nc2cc(-c3cccc(O)c3)n[nH]2)cc1,c1ccc(Nc2cc(-c3ccccc3)n[nH]2)cc1,1,8.040958607678906,0.0,CHEMBL103104,832577,330.36899999999997,2.1733000000000002,4,5,121.1,4,ChEMBL,P24941
PWGAHYYSCYXLLY-LCYFTJDESA-N,NS(=O)(=O)c1ccc(N/C=C2\C(=O)Nc3ccccc32)cc1,O=C1Nc2ccccc2C1=CNc1ccccc1,2,6.161150909262744,0.0,CHEMBL269850,425834;1150272,315.35400000000004,1.7391,3,4,101.28999999999999,3,ChEMBL,P24941
QDQHFTSJJASKSA-UHFFFAOYSA-N,CN(C)CC(O)COc1ccc(Nc2cc(Nc3ccccc3Br)ncn2)cc1,c1ccc(Nc2cc(Nc3ccccc3)ncn2)cc1,2,4.552841968657781,0.0,CHEMBL100811,114281;369845,458.36000000000007,4.027600000000002,3,7,82.54,9,ChEMBL,P24941
QEJMEZANRAPVRH-WDZFZDKYSA-N,O=C1Nc2ccc(C(=O)O)cc2/C1=C/c1[nH]cc2c1CCNC2=O,O=C1Nc2ccccc2C1=Cc1[nH]cc2c1CCNC2=O,1,7.167491087293763,0.0,CHEMBL60990,504933,323.3080000000001,1.4915,4,3,111.28999999999999,2,ChEMBL,P24941
QFLOEOVVFKHAFI-UHFFFAOYSA-N,Nc1ccc(-c2cc(Nc3ccc(S(N)(=O)=O)cc3)[nH]n2)cc1,c1ccc(Nc2cc(-c3ccccc3)n[nH]2)cc1,1,9.468521082957745,0.0,CHEMBL321517,837392,329.385,2.0499,4,5,126.88999999999997,4,ChEMBL,P24941
QNIZBMDMEQUCHR-UHFFFAOYSA-N,CN(C)CC(O)COc1ccc(Nc2cc(Nc3cc(Cl)ccc3Cl)ncn2)cc1,c1ccc(Nc2cc(Nc3ccccc3)ncn2)cc1,2,4.657577319177793,0.0,CHEMBL322640,129334;359970,448.35400000000016,4.571900000000003,3,7,82.54,9,ChEMBL,P24941
QNUKRWAIZMBVCU-WCIBSUBMSA-N,COc1ccc2c(c1)/C(=C/c1cnc[nH]1)C(=O)N2,O=C1Nc2ccccc2C1=Cc1cnc[nH]1,1,6.958607314841775,0.0,CHEMBL258805,493112,241.25000000000003,1.9109999999999994,2,3,67.00999999999999,2,ChEMBL,P24941
QPKLKELWAIIBCT-UHFFFAOYSA-N,NS(=O)(=O)c1ccc(Nc2cc(-c3cccc(NS(=O)(=O)c4ccccc4)c3)[nH]n2)cc1,O=S(=O)(Nc1cccc(-c2cc(Nc3ccccc3)n[nH]2)c1)c1ccccc1,1,7.97061622231479,0.0,CHEMBL319103,841110,469.54800000000006,3.2685000000000013,4,6,147.03999999999996,7,ChEMBL,P24941
QTJTZEQEKPLJHY-UHFFFAOYSA-N,CC(C)n1cnc2c(NC3CCCC3)nc(NCCCO)nc21,c1nc(NC2CCCC2)c2nc[nH]c2n1,1,6.045757490560675,0.0,CHEMBL315837,118471,318.42500000000007,2.5560000000000005,3,6,87.89,7,ChEMBL,P24941
QVUJFGWIMPTAEH-UHFFFAOYSA-N,NS(=O)(=O)c1ccc(Nc2cc(-c3ccc(O)c(F)c3)n[nH]2)cc1,c1ccc(Nc2cc(-c3ccccc3)n[nH]2)cc1,1,7.8996294548824375,0.0,CHEMBL103115,853951,348.359,2.3124000000000002,4,5,121.1,4,ChEMBL,P24941
QWDDDJCUNVNKDY-QPJJXVBHSA-N,NS(=O)(=O)c1ccc(N/N=C2\C(=O)Nc3cccc(/C=C/c4ccc(O)cc4)c32)cc1,O=C1Nc2cccc(C=Cc3ccccc3)c2C1=NNc1ccccc1,1,8.031517051446064,0.0,CHEMBL272380,1155249,434.47700000000015,2.9783000000000017,4,6,133.88,5,ChEMBL,P24941
QYNHHEWCMHMCIH-UHFFFAOYSA-N,CN(C)CC(O)COc1ccc(Nc2nccc(Nc3cc(C(F)(F)F)ccc3F)n2)cc1,c1ccc(Nc2ccnc(Nc3ccccc3)n2)cc1,1,6.0,0.0,CHEMBL101810,139325,465.4510000000001,4.423000000000003,3,7,82.54,9,ChEMBL,P24941
RCBOIPKMQXPOTA-UHFFFAOYSA-N,Cc1ccc(F)c(Nc2cc(Nc3ccc(OCC(O)CN(C)C)cc3)ncn2)c1,c1ccc(Nc2cc(Nc3ccccc3)ncn2)cc1,1,4.0915149811213505,0.0,CHEMBL328623,114283,411.48100000000017,3.712620000000003,3,7,82.54,9,ChEMBL,P24941
RCFQBOZTAWITAW-WDZFZDKYSA-N,O=C1Nc2ccc(F)cc2/C1=C/c1[nH]cc2c1CCNC2=O,O=C1Nc2ccccc2C1=Cc1[nH]cc2c1CCNC2=O,1,6.522878745280337,0.0,CHEMBL293113,511002,297.289,1.9323999999999997,3,2,73.99000000000001,1,ChEMBL,P24941
RDLYLDRPPNVESE-UHFFFAOYSA-N,Cc1cnc(Nc2ccc(OCC(O)CN(C)C)cc2)nc1Nc1ccccc1,c1ccc(Nc2ccnc(Nc3ccccc3)n2)cc1,1,5.096910013008056,0.0,CHEMBL101473,121677,393.49100000000004,3.573520000000002,3,7,82.54000000000002,9,ChEMBL,P24941
RGIIRDQMJISXTQ-UHFFFAOYSA-N,CN(C)CC(O)COc1ccc(Nc2nccc(Nc3cccc(Cl)c3)n2)cc1,c1ccc(Nc2ccnc(Nc3ccccc3)n2)cc1,1,5.301029995663981,0.0,CHEMBL317629,134410,413.90900000000005,3.9185000000000016,3,7,82.54,9,ChEMBL,P24941
RKKHUCNMQPWUKF-UHFFFAOYSA-N,NS(=O)(=O)c1ccc(Nc2cc(-c3ccc([N+](=O)[O-])cc3)[nH]n2)cc1,c1ccc(Nc2cc(-c3ccccc3)[nH]n2)cc1,1,9.481486060122112,0.0,CHEMBL317703,863110,359.367,2.3759000000000006,3,6,144.01,5,ChEMBL,P24941
RMTMSYZHBIXLDA-UHFFFAOYSA-N,CC(=O)NCCNc1cc(-c2ccc[nH]2)c2c3c(ccc(F)c13)NC2=O,O=C1Nc2cccc3ccc(-c4ccc[nH]4)c1c23,1,6.896196279044043,0.0,CHEMBL312273,477367,352.3690000000001,3.0877000000000008,4,3,86.02000000000001,5,ChEMBL,P24941
RNLFZYRGFMHTMW-UHFFFAOYSA-N,CN(C)CCCN(C)S(=O)(=O)c1ccc(Nc2nccc(-c3cnc4ccccn34)n2)cc1,c1ccc(Nc2nccc(-c3cnc4ccccn34)n2)cc1,1,8.301029995663981,0.0,CHEMBL70824,584732,465.58300000000014,3.1071000000000017,1,7,95.73,9,ChEMBL,P24941
RSDHVIKBVVEOQN-UHFFFAOYSA-N,NS(=O)(=O)c1ccc(Nc2cc(-c3cccc(NC(=O)Nc4cc(C(F)(F)F)ccc4F)c3)[nH]n2)cc1,O=C(Nc1ccccc1)Nc1cccc(-c2cc(Nc3ccccc3)n[nH]2)c1,1,7.210419287835575,0.0,CHEMBL321939,863112,534.4950000000001,5.269600000000002,5,5,142.0,6,ChEMBL,P24941
RXQXACYMRVINQU-UHFFFAOYSA-N,O=C(Nc1n[nH]c2cc(-c3ccc(O)cc3)ccc12)C1CC1,O=C(Nc1n[nH]c2cc(-c3ccccc3)ccc12)C1CC1,1,8.301029995663981,0.0,CHEMBL260163,114285,293.3260000000001,3.2840000000000016,3,3,78.01,3,ChEMBL,P24941
SFVNAZFXICVLNW-UHFFFAOYSA-N,Nc1ccc2c(c1)/C(=N/Nc1ccc(S(N)(=O)=O)cc1)C(=O)N2,O=C1Nc2ccccc2C1=NNc1ccccc1,2,7.130768280269024,0.0,CHEMBL271842,496926;1166071,331.3570000000001,0.6845000000000003,4,6,139.67,3,ChEMBL,P24941
SHUDBWHXTHKHBX-UHFFFAOYSA-N,NS(=O)(=O)c1ccc(N/N=C2\C(=O)Nc3ccc(O)cc32)cc1,O=C1Nc2ccccc2C1=NNc1ccccc1,2,8.0,0.0,CHEMBL409690,483021;1159240,332.34100000000007,0.8079000000000001,4,6,133.88,3,ChEMBL,P24941
SVSLKZGKLLNZJL-UHFFFAOYSA-N,Cc1cc(C)nc(Sc2cc(=O)c3c(O)cc(O)c(C4CCN(C)CC4O)c3o2)n1,O=c1cc(Sc2ncccn2)oc2c(C3CCNCC3)cccc12,1,4.393618634889395,0.0,CHEMBL323015,792229,429.4980000000002,2.542240000000001,3,9,119.92,3,ChEMBL,P24941
SWDWTTRSGVDCKP-UHFFFAOYSA-N,O=C1Nc2ccc(F)c3c(NCCO)cc(-c4ccc[nH]4)c1c23,O=C1Nc2cccc3ccc(-c4ccc[nH]4)c1c23,1,7.267606240177032,0.0,CHEMBL83499,485990,311.31600000000003,2.943900000000001,4,3,77.15,4,ChEMBL,P24941
SWGQJKHVIKZNMY-JYRVWZFOSA-N,CN(C)S(=O)(=O)c1ccc2c(c1)/C(=C/c1[nH]cc3c1CCNC3=O)C(=O)N2,O=C1Nc2ccccc2C1=Cc1[nH]cc2c1CCNC2=O,1,7.167491087293763,0.0,CHEMBL58139,491906,386.4330000000002,1.0435999999999999,3,4,111.37,3,ChEMBL,P24941
SYLBCDWZFLYHIX-UHFFFAOYSA-N,O=C1NC(=O)C2=C1c1cn(c3ccccc13)CCOCCOCCOCCn1cc2c2cccnc21,O=C1NC(=O)C2=C1c1cn(c3ccccc13)CCOCCOCCOCCn1cc2c2cccnc21,1,5.612788199686269,0.0,CHEMBL340935,910412,486.52800000000036,2.621600000000001,1,6,96.61,0,ChEMBL,P24941
TTYSGEABGJKUIS-UHFFFAOYSA-N,NS(=O)(=O)c1ccc(N/N=C2\C(=O)Nc3ccc(C(=O)NCc4ccncc4)cc32)cc1,O=C1Nc2ccc(C(=O)NCc3ccncc3)cc2C1=NNc1ccccc1,2,8.050609993355087,0.0,CHEMBL272165,481775;1143811,450.4800000000002,1.4273000000000002,4,7,155.64,6,ChEMBL,P24941
TUSYHQBFGFIWOG-UHFFFAOYSA-N,CC(C)C(CO)Nc1nc(NCc2cccc(O)c2)c2ncn(C(C)C)c2n1,c1ccc(CNc2ncnc3[nH]cnc23)cc1,1,7.522878745280337,0.0,CHEMBL84944,108039,384.4840000000001,3.1537000000000015,4,7,108.11999999999999,8,ChEMBL,P24941
TWRINNPUKAHNGL-UVTDQMKNSA-N,CCOC(=O)c1cccc2c1/C(=C/Nc1ccc(S(N)(=O)=O)cc1)C(=O)N2,O=C1Nc2ccccc2C1=CNc1ccccc1,1,8.050609993355087,0.0,CHEMBL408210,1160477,387.4170000000001,1.9158,3,6,127.58999999999997,5,ChEMBL,P24941
TZDZZJYFKROBLK-UHFFFAOYSA-N,CC(C)Oc1cccc2c1/C(=N/Nc1ccc(S(N)(=O)=O)cc1)C(=O)N2,O=C1Nc2ccccc2C1=NNc1ccccc1,1,8.468521082957745,0.0,CHEMBL271160,490037,374.4220000000001,1.8894999999999997,3,6,122.88,5,ChEMBL,P24941
UCCQAENGEYATHZ-UHFFFAOYSA-N,NCCOc1cc(-c2ccc[nH]2)c2c3c(ccc(F)c13)NC2=O,O=C1Nc2cccc3ccc(-c4ccc[nH]4)c1c23,1,7.920818753952375,0.0,CHEMBL311992,479851,311.31600000000003,2.8772,3,3,80.14,4,ChEMBL,P24941
UDJFNUQDJAQEGK-UHFFFAOYSA-N,CN(C)CC(O)COc1ccc(Nc2cc(Nc3ccc(F)cc3F)ncn2)cc1,c1ccc(Nc2cc(Nc3ccccc3)ncn2)cc1,1,4.031517051446065,0.0,CHEMBL317281,348501,415.4440000000001,3.5433000000000012,3,7,82.54,9,ChEMBL,P24941
UHPKVNVPEONGAY-UHFFFAOYSA-N,CN(C)CC(O)COc1ccc(Nc2cc(N(CC#N)c3cc(Cl)ccc3Cl)ncn2)cc1,c1ccc(Nc2cc(Nc3ccccc3)ncn2)cc1,1,6.0,0.0,CHEMBL101119,351311,487.3910000000002,4.489980000000004,2,8,97.54,10,ChEMBL,P24941
UJPGEXNKVDSXSC-UHFFFAOYSA-N,Cc1nc2ccccn2c1-c1ccnc(NC(=O)C(F)(F)F)n1,c1ccn2c(-c3ccncn3)cnc2c1,1,4.022276394711152,0.0,CHEMBL102622,794937,321.26199999999994,2.6005200000000004,1,4,72.18,2,ChEMBL,P24941
UOOGYXHQWUAUFW-UHFFFAOYSA-N,Cc1ccc(Cl)c(Nc2cc(Nc3ccc(OCC(O)CN(C)C)cc3)ncn2)c1,c1ccc(Nc2cc(Nc3ccccc3)ncn2)cc1,1,4.657577319177793,0.0,CHEMBL100675,111578,427.9360000000002,4.2269200000000025,3,7,82.54,9,ChEMBL,P24941
UPPMBTMATLNYOX-UHFFFAOYSA-N,O=C1Nc2ccc(F)c3c(OCCO)cc(-c4ccc[nH]4)c1c23,O=C1Nc2cccc3ccc(-c4ccc[nH]4)c1c23,1,7.2076083105017466,0.0,CHEMBL79848,501318,312.3,2.910800000000001,3,3,74.35,4,ChEMBL,P24941
UUISESFNPSRBFN-UHFFFAOYSA-N,Cc1ccc(N(CC#N)c2cc(Nc3ccc(OCC(O)CN(C)C)cc3)ncn2)c(Br)c1,c1ccc(Nc2cc(Nc3ccccc3)ncn2)cc1,1,5.522878745280337,0.0,CHEMBL421583,347234,511.42400000000015,4.254100000000003,2,8,97.54,10,ChEMBL,P24941
UUUKAWSXNWPUHW-PDGQHHTCSA-N,Cc1cccc(C)c1NS(=O)(=O)c1ccc(N/C=C2\C(=O)Nc3ccc4ncsc4c32)cc1,O=C1Nc2ccc3ncsc3c2C1=CNc1ccc(S(=O)(=O)Nc2ccccc2)cc1,1,6.55129368009492,0.0,CHEMBL1964252,1173817,476.5830000000002,5.119040000000004,3,6,100.19000000000001,5,ChEMBL,P24941
UVWRLACHEXXROY-UHFFFAOYSA-N,NS(=O)(=O)c1ccc(Nc2cc(-c3cccc(Br)c3)[nH]n2)cc1,c1ccc(Nc2cc(-c3ccccc3)[nH]n2)cc1,1,7.6307841425898575,0.0,CHEMBL103285,850656,393.266,3.230200000000001,3,4,100.86999999999999,4,ChEMBL,P24941
UYJJLRIXIZKXPQ-UHFFFAOYSA-N,COc1ccc(-c2cc(Nc3ccc(S(N)(=O)=O)cc3)[nH]n2)cc1F,c1ccc(Nc2cc(-c3ccccc3)n[nH]2)cc1,1,6.39040559077478,0.0,CHEMBL102241,851716,362.386,2.6154,3,5,110.09999999999998,5,ChEMBL,P24941
UZVLKAPGUJAQCL-JTQLQIEISA-N,O=C1Nc2ccc(F)c3c(S[C@H]4CCNC4)cc(-c4ccc[nH]4)c1c23,O=C1Nc2cccc3c(SC4CCNC4)cc(-c4ccc[nH]4)c1c23,1,8.301029995663981,0.0,CHEMBL79498,489442,353.4220000000001,3.9937000000000022,3,3,56.92,3,ChEMBL,P24941
VBVWAXVALQTRJZ-JYRVWZFOSA-N,CS(=O)(=O)Cc1ccc(N/C=C2\C(=O)Nc3ccc4ncsc4c32)cc1,O=C1Nc2ccc3ncsc3c2C1=CNc1ccccc1,1,7.301029995663981,0.0,CHEMBL235849,1172516,385.47000000000014,3.2460000000000013,2,6,88.16,4,ChEMBL,P24941
VCPXSBULBDYRLT-UHFFFAOYSA-N,Cc1nc2ccccn2c1-c1ccnc(Nc2ccc(OCC(O)CN(C)C)cc2)n1,c1ccc(Nc2nccc(-c3cnc4ccccn34)n2)cc1,1,7.494850021680094,0.0,CHEMBL102926,814806,418.5010000000002,3.1446200000000015,2,7,87.81,8,ChEMBL,P24941
VNDWQCSOSCCWIP-UHFFFAOYSA-N,CC(C)(C)c1nc2c3ccc(F)cc3c3c(=O)[nH]ccc3c2[nH]1,O=c1[nH]ccc2c3[nH]cnc3c3ccccc3c12,1,5.481486060122113,0.0,CHEMBL21156,506161,309.344,3.994200000000002,2,2,61.54,0,ChEMBL,P24941
VNLUDQKOXAUGAO-BOPFTXTBSA-N,CC(C)CC(=O)c1ccc2c(c1)/C(=C/Nc1ccc(S(N)(=O)=O)cc1)C(=O)N2,O=C1Nc2ccccc2C1=CNc1ccccc1,1,8.721246399047171,0.0,CHEMBL429142,1152636,399.4720000000001,2.9678999999999993,3,5,118.35999999999999,6,ChEMBL,P24941
VNVKSDCWJDOWNE-UHFFFAOYSA-N,O=C(Nc1n[nH]c2nc(-c3ccc(O)cc3)c(Br)cc12)C1CC1,O=C(Nc1n[nH]c2nc(-c3ccccc3)ccc12)C1CC1,1,8.301029995663981,0.0,CHEMBL260417,133218,373.21000000000015,3.4415000000000004,3,4,90.9,3,ChEMBL,P24941
VRRFNXAZWIOJGC-UHFFFAOYSA-N,NS(=O)(=O)c1ccc(N/N=C2\C(=O)Nc3ccc(I)cc32)cc1,O=C1Nc2ccccc2C1=NNc1ccccc1,2,7.958607314841775,0.0,CHEMBL273060,493643;1172510,442.23800000000006,1.7069,3,5,113.65,3,ChEMBL,P24941
VSUTYZGOLFXQDG-UHFFFAOYSA-N,NC(=O)c1ccc2c(c1)/C(=N/Nc1ccc(S(N)(=O)=O)cc1)C(=O)N2,O=C1Nc2ccccc2C1=NNc1ccccc1,1,8.346787486224656,0.0,CHEMBL410883,480500,359.3670000000001,0.20119999999999955,4,6,156.73999999999998,4,ChEMBL,P24941
VTLJOVYRGQXDDG-UHFFFAOYSA-N,Clc1cccc(Nc2nccc(-n3cnc4ccccc43)n2)c1,c1ccc(Nc2nccc(-n3cnc4ccccc43)n2)cc1,1,6.167491087293763,0.0,CHEMBL74680,577468,321.771,4.212500000000002,1,4,55.63,3,ChEMBL,P24941
VUTZKKVIVKWHMG-UHFFFAOYSA-N,CCc1ccc2c(c1)NC(=O)/C2=N\Nc1ccc(S(N)(=O)=O)cc1,O=C1Nc2ccccc2C1=NNc1ccccc1,2,7.6777807052660805,0.0,CHEMBL271182,506665;1146499,344.3960000000001,1.6646999999999998,3,5,113.65,4,ChEMBL,P24941
VVJVXBGHOZRDRF-UHFFFAOYSA-N,COc1cccc(OC)c1CNC(=O)c1ccc2c(c1)/C(=N/Nc1ccc(S(N)(=O)=O)cc1)C(=O)N2,O=C1Nc2ccc(C(=O)NCc3ccccc3)cc2C1=NNc1ccccc1,1,8.769551078621726,0.0,CHEMBL271136,1153936,509.5440000000002,2.0494999999999997,4,8,161.20999999999998,8,ChEMBL,P24941
VWDQVVDIPMQNAP-UHFFFAOYSA-N,C#CCN(c1ccnc(Nc2ccc(OCC(O)CN(C)C)cc2)n1)c1cc(Cl)ccc1Cl,c1ccc(Nc2ccnc(Nc3ccccc3)n2)cc1,1,5.698970004336019,0.0,CHEMBL322019,131960,486.40300000000013,4.599600000000004,2,7,73.75,10,ChEMBL,P24941
WHDJEAZLMYPLGL-UHFFFAOYSA-N,CC(C)n1cnc2c(NCc3ccccc3)nc(NCCO)nc21,c1ccc(CNc2ncnc3[nH]cnc23)cc1,1,5.096910013008056,0.0,CHEMBL86066,110543,326.4040000000001,2.4235,3,6,87.89,7,ChEMBL,P24941
WMQIUOQRRYSKMG-GHXNOFRVSA-N,CNS(=O)(=O)c1ccc2c(c1)/C(=C/c1[nH]cc3c1CCNC3=O)C(=O)N2,O=C1Nc2ccccc2C1=Cc1[nH]cc2c1CCNC2=O,1,8.045757490560675,0.0,CHEMBL294884,481190,372.4060000000002,0.7013999999999998,4,4,120.16,3,ChEMBL,P24941
WMUSBRFXXCFZTI-UHFFFAOYSA-N,COc1cccc(-c2cc(Nc3ccc(S(N)(=O)=O)cc3)[nH]n2)c1,c1ccc(Nc2cc(-c3ccccc3)n[nH]2)cc1,1,7.610833915635467,0.0,CHEMBL319685,838649,344.396,2.4762999999999993,3,5,110.09999999999998,5,ChEMBL,P24941
WOUDREXVBSUATL-UHFFFAOYSA-N,NS(=O)(=O)c1ccc(N/N=C2\C(=O)Nc3cccc(Oc4ccccc4)c32)cc1,O=C1Nc2cccc(Oc3ccccc3)c2C1=NNc1ccccc1,2,7.886056647693163,0.0,CHEMBL409104,509192;1150276,408.43900000000014,2.8946000000000014,3,6,122.88000000000001,5,ChEMBL,P24941
WVTQEDQHWYJROA-UHFFFAOYSA-N,CN(C)CC(O)COc1ccc(Nc2ncc(Cl)c(Nc3ccccc3)n2)cc1,c1ccc(Nc2ccnc(Nc3ccccc3)n2)cc1,1,6.301029995663981,0.0,CHEMBL100391,129338,413.90900000000005,3.9185000000000016,3,7,82.54,9,ChEMBL,P24941
WWCTWZWHBBXROW-UHFFFAOYSA-N,CN(C)CC(O)COc1ccc(Nc2cc(Nc3ccccc3[N+](=O)[O-])ncn2)cc1,c1ccc(Nc2cc(Nc3ccccc3)ncn2)cc1,1,4.6020599913279625,0.0,CHEMBL316887,385348,424.4610000000001,3.173300000000001,3,9,125.68,10,ChEMBL,P24941
WWJLGEMPECUYJI-UHFFFAOYSA-N,COc1ccc(Nc2nc(N)c(N=O)c(OCC3CCCCC3)n2)cc1,c1ccc(Nc2nccc(OCC3CCCCC3)n2)cc1,1,6.657577319177793,0.0,CHEMBL102636,986273,357.4140000000002,4.168000000000003,2,8,111.72,7,ChEMBL,P24941
XAOYZCFECWOXGY-BOPFTXTBSA-N,O=C1Nc2cc(-c3ccccc3)ccc2/C1=C/c1[nH]cc2c1CCNC2=O,O=C1Nc2cc(-c3ccccc3)ccc2C1=Cc1[nH]cc2c1CCNC2=O,1,5.2441251443275085,0.0,CHEMBL57325,476183,355.39700000000016,3.460300000000001,3,2,73.99000000000001,2,ChEMBL,P24941
XHBOHQMIFHBKMM-GDNBJRDFSA-N,CN(C)c1ccc2c(c1)/C(=C/Nc1ccc(S(N)(=O)=O)cc1)C(=O)N2,O=C1Nc2ccccc2C1=CNc1ccccc1,2,6.508638306165727,0.0,CHEMBL272414,419247;1171206,358.4230000000001,1.8050999999999997,3,5,104.53,4,ChEMBL,P24941
XHVVXSLELBPOBX-UHFFFAOYSA-N,Cc1nc2ccccn2c1-c1ccnc(Nc2ccccc2Cl)n1,c1ccc(Nc2nccc(-c3cnc4ccccn34)n2)cc1,1,5.055517327849832,0.0,CHEMBL308848,565024,335.79800000000006,4.4967200000000025,1,4,55.11,3,ChEMBL,P24941
XJGFIPURTFEPNE-GHXNOFRVSA-N,COc1ccc2c(c1)NC(=O)/C2=C\c1[nH]cc2c1CCOC2=O,O=C1Nc2ccccc2C1=Cc1[nH]cc2c1CCOC2=O,1,5.823908740944319,0.0,CHEMBL59073,494220,310.3090000000001,2.2289000000000003,2,4,80.41999999999999,2,ChEMBL,P24941
XOZQJBAUFVCEOP-UHFFFAOYSA-N,CN(C)CC(O)COc1ccc(Nc2nccc(N(CC#N)c3cc(Cl)ccc3Cl)n2)cc1,c1ccc(Nc2ccnc(Nc3ccccc3)n2)cc1,1,6.154901959985743,0.0,CHEMBL430507,129336,487.39100000000025,4.489980000000004,2,8,97.54,10,ChEMBL,P24941
XSTAWOGBOKIKIE-ZROIWOOFSA-N,O=C1Nc2ccc3ncsc3c2/C1=C/Nc1ccc(CS(=O)(=O)NCCO)cc1,O=C1Nc2ccc3ncsc3c2C1=CNc1ccccc1,1,7.886056647693163,0.0,CHEMBL1964258,1159262,430.5110000000002,2.1131,4,7,120.42,7,ChEMBL,P24941
XVXBWZZWJTYKPA-UVTDQMKNSA-N,NS(=O)(=O)c1ccc(N/C=C2\C(=O)Nc3ccc4ncccc4c32)cc1,O=C1Nc2ccc3ncccc3c2C1=CNc1ccccc1,1,8.823908740944319,0.0,CHEMBL445945,1156656,366.4020000000001,2.2873,3,5,114.17999999999999,3,ChEMBL,P24941
XWYZXIPUSGGJGV-UHFFFAOYSA-N,CC(C)Cc1cccc2c1/C(=N/Nc1ccc(S(N)(=O)=O)cc1)C(=O)N2,O=C1Nc2ccccc2C1=NNc1ccccc1,2,8.920818753952375,0.0,CHEMBL411224,505586;1175160,372.4500000000001,2.3007999999999997,3,5,113.64999999999998,5,ChEMBL,P24941
YBKLJTXDSBEVRV-UHFFFAOYSA-N,NC(=O)c1ccc(Nc2nc(N)c(N=O)c(OCC3CCCCC3)n2)cc1,c1ccc(Nc2nccc(OCC3CCCCC3)n2)cc1,1,7.468521082957745,0.0,CHEMBL101801,958721,370.4130000000002,3.258300000000002,3,8,145.57999999999998,7,ChEMBL,P24941
YEDNTONGWZREGW-UHFFFAOYSA-N,NS(=O)(=O)c1ccc(N/N=C2\C(=O)Nc3cccc(-c4cc[nH]n4)c32)cc1,O=C1Nc2cccc(-c3cc[nH]n3)c2C1=NNc1ccccc1,2,7.721246399047171,0.0,CHEMBL272684,477908;1170050,382.4050000000001,1.4923999999999997,4,6,142.32999999999998,4,ChEMBL,P24941
YFAZVYJDWIMMBA-UHFFFAOYSA-N,O=C(Nc1n[nH]c2cc(-c3ccc[nH]3)ccc12)C1CC1,O=C(Nc1n[nH]c2cc(-c3ccc[nH]3)ccc12)C1CC1,1,6.303643611266668,0.0,CHEMBL260929,108798,266.30400000000003,2.906500000000001,3,2,73.57,3,ChEMBL,P24941
YMLCUQPWYZHIPJ-GHXNOFRVSA-N,COc1ccc2c(c1)/C(=C/c1[nH]cc3c1CCNC3=O)C(=O)N2,O=C1Nc2ccccc2C1=Cc1[nH]cc2c1CCNC2=O,1,6.6020599913279625,0.0,CHEMBL417228,500036,309.32500000000005,1.8018999999999994,3,3,83.22,2,ChEMBL,P24941
YMXPTERDVSXRPA-UHFFFAOYSA-N,NS(=O)(=O)c1ccc(N/N=C2\C(=O)Nc3cccc(CCc4ccncc4)c32)cc1,O=C1Nc2cccc(CCc3ccncc3)c2C1=NNc1ccccc1,2,7.6777807052660805,0.0,CHEMBL1794054,498088;1164791,421.4820000000002,2.2824999999999998,3,6,126.54,6,ChEMBL,P24941
YXVXFUBOIUONRY-UHFFFAOYSA-N,CN(C)CC(O)COc1ccc(Nc2cc(Nc3ccccc3Cl)ncn2)cc1,c1ccc(Nc2cc(Nc3ccccc3)ncn2)cc1,2,4.022276394711152,0.0,CHEMBL99647,130730;382514,413.9090000000001,3.9185000000000016,3,7,82.54,9,ChEMBL,P24941
YYFFSHNCRZXJNQ-PTNGSMBKSA-N,O=C1Nc2ccc3ncsc3c2/C1=C/Nc1ccc(S(=O)(=O)NCCOCCO)cc1,O=C1Nc2ccc3ncsc3c2C1=CNc1ccccc1,1,9.267606240177031,0.0,CHEMBL1964259,1160487,460.53700000000026,1.9886000000000004,4,8,129.65,9,ChEMBL,P24941
YZVUSTSAIKJMLH-UHFFFAOYSA-N,COc1cc(-c2ccc[nH]2)c2c3c(ccc(F)c13)NC2=O,O=C1Nc2cccc3ccc(-c4ccc[nH]4)c1c23,1,7.7447274948966935,0.0,CHEMBL83775,484889,282.274,3.548300000000001,2,2,54.12,2,ChEMBL,P24941
ZACVTRDAXISFKM-UHFFFAOYSA-N,CCc1cccc2c1/C(=N/Nc1ccc(S(N)(=O)=O)cc1)C(=O)N2,O=C1Nc2ccccc2C1=NNc1ccccc1,2,8.102372908709558,0.0,CHEMBL411425,504291;1167445,344.3960000000001,1.6646999999999996,3,5,113.64999999999998,4,ChEMBL,P24941
ZBJSSXLSSOZYFR-UHFFFAOYSA-N,CC(C)=Cc1cccc2c1/C(=N/Nc1ccc(S(N)(=O)=O)cc1)C(=O)N2,O=C1Nc2ccccc2C1=NNc1ccccc1,2,8.823908740944319,0.0,CHEMBL270544,492435;1176438,370.4340000000001,2.525499999999999,3,5,113.64999999999998,4,ChEMBL,P24941
ZCMULLRERXYJLF-UHFFFAOYSA-N,CN(C)CC(O)COc1ccc(Nc2cc(N(CCC#N)c3cc(Cl)ccc3Cl)ncn2)cc1,c1ccc(Nc2cc(Nc3ccccc3)ncn2)cc1,1,5.301029995663981,0.0,CHEMBL317378,355669,501.41800000000023,4.880080000000004,2,8,97.54,11,ChEMBL,P24941
ZCRPPLDDHBLUES-UHFFFAOYSA-N,CC(=O)Nc1nccc(-c2c(C)nc3ccccn23)n1,c1ccn2c(-c3ccncn3)cnc2c1,1,5.5376020021010435,0.0,CHEMBL99842,815967,267.292,2.0581199999999997,1,4,72.18,2,ChEMBL,P24941
ZCUPJNMFZQFHTK-YVLHZVERSA-N,CN1CCC(c2c(O)cc(O)c3c2O/C(=C\c2ccc([N+](=O)[O-])cc2)C3=O)CC1,O=C1C(=Cc2ccccc2)Oc2c1cccc2C1CCNCC1,3,6.508638306165727,8.881784197001252e-16,CHEMBL45477,403353;553005;822152,396.39900000000017,3.431400000000002,2,7,113.14000000000001,3,ChEMBL,P24941
ZFHAOTRAAVCTPZ-NVNXTCNLSA-N,NS(=O)(=O)c1ccc(N/C=C2\C(=O)Nc3ccc(-c4cnco4)cc32)cc1,O=C1Nc2ccc(-c3cnco3)cc2C1=CNc1ccccc1,1,8.602059991327963,0.0,CHEMBL270132,1145034,382.4010000000001,2.3941,3,6,127.32,4,ChEMBL,P24941
ZJSUFVUNHNCHCI-UHFFFAOYSA-N,c1nc(OCC2CCCCC2)c2nc[nH]c2n1,c1nc(OCC2CCCCC2)c2nc[nH]c2n1,1,4.886056647693163,0.0,CHEMBL405551,1099192,232.287,2.3119999999999994,1,4,63.690000000000005,3,ChEMBL,P24941
ZQAZHQLWCKQXTD-GDNBJRDFSA-N,C/C(Nc1ccc(S(N)(=O)=O)cc1)=C1/C(=O)Nc2ccccc21,O=C1Nc2ccccc2C1=CNc1ccccc1,2,6.443697499232712,0.0,CHEMBL405042,392929;1177754,329.38100000000003,2.1292,3,4,101.28999999999999,3,ChEMBL,P24941
ZVSBKYYVBCKDBO-UHFFFAOYSA-N,CN(C)CC(O)COc1ccc(Nc2cc(Nc3c(F)cccc3F)ncn2)cc1,c1ccc(Nc2cc(Nc3ccccc3)ncn2)cc1,1,4.42021640338319,0.0,CHEMBL101558,376830,415.4440000000001,3.5433000000000012,3,7,82.54,9,ChEMBL,P24941
