inchikey,smiles_canonical,scaffold_smiles,pIC50,molecule_chembl_id,split_strategy,max_tanimoto_to_train,pred_mean_baseline,resid_mean_baseline,pred_ridge_descriptors,resid_ridge_descriptors,pred_rf_morgan,resid_rf_morgan
ABXYGMKNQJBBKL-UHFFFAOYSA-N,O=C1Nc2ccc(F)c3ccc(-c4ccc[nH]4)c1c23,O=C1Nc2cccc3ccc(-c4ccc[nH]4)c1c23,6.690369832574102,CHEMBL312018,random,0.6590909090909091,6.94101909891042,0.25064926633631845,6.43509462295264,-0.25527520962146166,7.607734481227377,0.9173646486532752
ATXQKLAYIZHIBL-WDZFZDKYSA-N,O=C1Nc2ccc(F)cc2/C1=C/c1[nH]cc2c1CCOC2=O,O=C1Nc2ccccc2C1=Cc1[nH]cc2c1CCOC2=O,7.086186147616283,CHEMBL59110,random,0.7647058823529411,6.94101909891042,-0.14516704870586317,6.71147273864587,-0.37471340897041294,7.345532303028802,0.25934615541251826
AZHXFKCTCUPFGL-UHFFFAOYSA-N,Cc1ccc(F)c(Nc2ccnc(Nc3ccc(S(N)(=O)=O)cc3)n2)c1,c1ccc(Nc2ccnc(Nc3ccccc3)n2)cc1,8.221848749616356,CHEMBL103355,random,0.5538461538461539,6.94101909891042,-1.280829650705936,7.02361284582816,-1.1982359037881958,7.38917918278685,-0.8326695668295061
BBQOARXEMKNYLC-UHFFFAOYSA-N,O=C(Nc1n[nH]c2cc(-c3ccsc3)ccc12)C1CC1,O=C(Nc1n[nH]c2cc(-c3ccsc3)ccc12)C1CC1,6.315154638355588,CHEMBL260928,random,0.7446808510638298,6.94101909891042,0.6258644605548325,6.184787658891357,-0.13036697946423104,7.228938928110661,0.913784289755073
BLLCSZQROQEYPS-UHFFFAOYSA-N,NS(=O)(=O)c1ccc(N/N=C2\C(=O)Nc3ccc4[nH]nc(Cl)c4c32)cc1,O=C1Nc2ccc3[nH]ncc3c2C1=NNc1ccccc1,8.657577319177793,CHEMBL269882,random,0.6785714285714286,6.94101909891042,-1.7165582202673733,8.138506028921148,-0.5190712902566457,7.867223133551041,-0.790354185626752
BNAYALSWOQOGRV-UHFFFAOYSA-N,Cc1ccc2c(c1Cl)/C(=N/Nc1ccc(S(N)(=O)=O)cc1)C(=O)N2,O=C1Nc2ccccc2C1=NNc1ccccc1,7.886056647693163,CHEMBL411490,random,0.75,6.94101909891042,-0.9450375487827429,7.522308902923707,-0.3637477447694559,7.740052021118433,-0.14600462657473035
BSGDITXDAFMGGS-UHFFFAOYSA-N,Cc1c([N+](=O)[O-])ccc2c1/C(=N/Nc1ccc(S(N)(=O)=O)cc1)C(=O)N2,O=C1Nc2ccccc2C1=NNc1ccccc1,8.337242168318426,CHEMBL272667,random,0.7358490566037735,6.94101909891042,-1.3962230694080056,8.264350947797476,-0.07289122052094932,7.607716740895344,-0.7295254274230816
BSIBGXRENHGRJA-UHFFFAOYSA-N,COc1ccccc1Nc1cc(Nc2ccc(OCC(O)CN(C)C)cc2)ncn1,c1ccc(Nc2cc(Nc3ccccc3)ncn2)cc1,4.070581074285707,CHEMBL101868,random,0.7678571428571429,6.94101909891042,2.870438024624713,5.646048698887907,1.5754676246022,4.4008971921894595,0.33031611790375237
CTDIFTBJDVQHSA-XFFZJAGNSA-N,Cc1cccc2c1/C(=C/c1[nH]cc3c1CCOC3=O)C(=O)N2,O=C1Nc2ccccc2C1=Cc1[nH]cc2c1CCOC2=O,6.568636235841013,CHEMBL57446,random,0.6964285714285714,6.94101909891042,0.37238286306940704,6.702498635201579,0.13386239936056565,7.0145787696840305,0.4459425338430174
CZJUVDUMFZEZIA-UHFFFAOYSA-N,O=C1Nc2ccc(F)c3c(S(=O)(=O)CCO)cc(-c4ccc[nH]4)c1c23,O=C1Nc2cccc3ccc(-c4ccc[nH]4)c1c23,7.823908740944319,CHEMBL310529,random,0.6727272727272727,6.94101909891042,-0.8828896420338985,7.373613631508386,-0.45029510943593287,7.537216890074296,-0.2866918508700227
DIWXPXNCGSGMLS-UHFFFAOYSA-N,CN(C)CC(O)COc1ccc(Nc2nccc(Nc3ccccc3Cl)n2)cc1,c1ccc(Nc2ccnc(Nc3ccccc3)n2)cc1,5.221848749616356,CHEMBL101679,random,0.7966101694915254,6.94101909891042,1.719170349294064,5.7534450025602135,0.5315962529438574,5.3621156583689356,0.1402669087525794
DLYVGVOGPLQZFG-UHFFFAOYSA-N,Cc1nc2ccccn2c1-c1ccnc(Nc2ccc(S(N)(=O)=O)cc2)n1,c1ccc(Nc2nccc(-c3cnc4ccccn34)n2)cc1,7.42021640338319,CHEMBL72510,random,0.7450980392156863,6.94101909891042,-0.47919730447276976,7.31531605028442,-0.10490035309876955,7.519617006905233,0.09940060352204316
DMCRNUMVSATRTP-LCYFTJDESA-N,N=C(N)NS(=O)(=O)c1ccc(N/C=C2\C(=O)Nc3ccccc32)cc1,O=C1Nc2ccccc2C1=CNc1ccccc1,6.180456064458132,CHEMBL1234089,random,0.7,6.94101909891042,0.7605630344522885,8.127625667854126,1.9471696033959942,6.286257365169677,0.10580130071154503
FNZRNRPNWVXECL-UHFFFAOYSA-N,CCOc1cc(-c2ccc[nH]2)c2c3c(ccc(F)c13)NC2=O,O=C1Nc2cccc3ccc(-c4ccc[nH]4)c1c23,7.113509274827518,CHEMBL310755,random,0.78,6.94101909891042,-0.1724901759170976,6.487677939622017,-0.6258313352055005,6.95943546242905,-0.15407381239846796
FNZUUGCKBYLYMM-ZSOIEALJSA-N,CC(C)NS(=O)(=O)c1ccc2c(c1)/C(=C/c1[nH]cc3c1CCOC3=O)C(=O)N2,O=C1Nc2ccccc2C1=Cc1[nH]cc2c1CCOC2=O,7.1938200260161125,CHEMBL299032,random,0.8275862068965517,6.94101909891042,-0.25280092710569235,7.747294192445071,0.5534741664289582,7.914912640055133,0.7210926140390201
FOTACNUKABBYFV-YVLHZVERSA-N,CC(C)COC(=O)c1ccc2c(c1)/C(=C/Nc1ccc(S(N)(=O)=O)cc1)C(=O)N2,O=C1Nc2ccccc2C1=CNc1ccccc1,8.522878745280337,CHEMBL269883,random,0.7966101694915254,6.94101909891042,-1.5818596463699173,7.743807548412956,-0.7790711968673811,8.089488816861873,-0.4333899284184639
FRPNTLUZPVREQA-UHFFFAOYSA-N,CN1CCC(c2c(O)cc(O)c3c(=O)cc(Sc4ccccc4)oc23)C(O)C1,O=c1cc(Sc2ccccc2)oc2c(C3CCNCC3)cccc12,5.18111458540599,CHEMBL112050,random,0.7096774193548387,6.94101909891042,1.7599045135044298,6.2097279218274615,1.0286133364214711,5.8771468286156425,0.6960322432096522
FUPOZFLWFNCROX-ZROIWOOFSA-N,COC(=O)c1ccc2c(c1)/C(=C/Nc1ccc(S(N)(=O)=O)cc1)C(=O)N2,O=C1Nc2ccccc2C1=CNc1ccccc1,8.67778070526608,CHEMBL409731,random,0.7884615384615384,6.94101909891042,-1.7367616063556603,7.623815899796693,-1.0539648054693878,7.850513407694457,-0.8272672975716233
FUZBMVCWAVMNGW-JYRVWZFOSA-N,CNS(=O)(=O)Cc1ccc(N/C=C2\C(=O)Nc3ccc4ncsc4c32)cc1,O=C1Nc2ccc3ncsc3c2C1=CNc1ccccc1,7.585026652029182,CHEMBL1964256,random,0.8135593220338984,6.94101909891042,-0.6440075531187617,6.760625537902606,-0.8244011141265757,7.924288663369839,0.33926201134065703
GJWWXUHHULUCNL-UHFFFAOYSA-N,O=C(Nc1n[nH]c2nc(-c3ccc(O)c(Br)c3)ccc12)C1CC1,O=C(Nc1n[nH]c2nc(-c3ccccc3)ccc12)C1CC1,8.698970004336019,CHEMBL260416,random,0.7692307692307693,6.94101909891042,-1.7579509054255986,7.1667827627368546,-1.5321872415991642,7.763307758957073,-0.9356622453789454
GTVPOLSIJWJJNY-UHFFFAOYSA-N,Cn1cnc2c(NCc3ccccc3)nc(NCCO)nc21,c1ccc(CNc2ncnc3[nH]cnc23)cc1,5.537860356969059,CHEMBL280074,random,0.6545454545454545,6.94101909891042,1.4031587419413611,5.952463903478471,0.41460354650941245,6.0989290875354065,0.5610687305663475
GUQGKTHAOXNYHX-UHFFFAOYSA-N,NCCCNc1cc(-c2ccc[nH]2)c2c3c(ccc(F)c13)NC2=O,O=C1Nc2cccc3ccc(-c4ccc[nH]4)c1c23,7.318758762624412,CHEMBL81196,random,0.8775510204081632,6.94101909891042,-0.37773966371399226,6.994339423135766,-0.32441933948864676,7.672183669252735,0.35342490662832304
GWTAEVKZCDFFEX-UHFFFAOYSA-N,O=C(Nc1n[nH]c2cc(-c3cccs3)ccc12)C1CC1,O=C(Nc1n[nH]c2cc(-c3cccs3)ccc12)C1CC1,6.467245621007502,CHEMBL318522,random,0.68,6.94101909891042,0.4737734779029177,6.184787658891357,-0.2824579621161458,6.797660242117046,0.33041462110954356
HEPUDXNQFWKBLI-UHFFFAOYSA-N,NS(=O)(=O)c1ccc(N/N=C2\C(=O)Nc3ccc(S(=O)(=O)O)cc32)cc1,O=C1Nc2ccccc2C1=NNc1ccccc1,7.823908740944319,CHEMBL412091,random,0.7872340425531915,6.94101909891042,-0.8828896420338985,8.62489323445051,0.800984493506192,7.770012624737834,-0.05389611620648438
HHNLJCDJQYVVOF-WDZFZDKYSA-N,NS(=O)(=O)c1ccc2c(c1)/C(=C/c1[nH]cc3c1CCOC3=O)C(=O)N2,O=C1Nc2ccccc2C1=Cc1[nH]cc2c1CCOC2=O,7.920818753952375,CHEMBL432491,random,0.7719298245614035,6.94101909891042,-0.9797996550419548,8.11639683195047,0.19557807799809446,7.651392249638667,-0.2694265043137083
HPMKMPNNTLGDLY-UHFFFAOYSA-N,Nc1nc(Nc2cccc(Br)c2)nc(OCC2CCCCC2)c1N=O,c1ccc(Nc2nccc(OCC3CCCCC3)n2)cc1,6.301029995663981,CHEMBL107530,random,0.6885245901639344,6.94101909891042,0.6399891032464389,6.584657054139666,0.2836270584756848,6.9059283874393875,0.6048983917754063
HQGMRHNRHQZULO-UHFFFAOYSA-N,CN(C)CC(O)COc1ccc(Nc2nccc(N(CCCC(F)(F)F)c3cc(Cl)ccc3Cl)n2)cc1,c1ccc(Nc2ccnc(Nc3ccccc3)n2)cc1,4.920818753952375,CHEMBL101887,random,0.7567567567567568,6.94101909891042,2.0202003449580452,5.984928718354539,1.0641099644021645,5.788353589973213,0.8675348360208384
HSTYENZAXRTDNP-JYRVWZFOSA-N,CC(=O)NS(=O)(=O)c1ccc(N/C=C2\C(=O)Nc3ccc4ncsc4c32)cc1,O=C1Nc2ccc3ncsc3c2C1=CNc1ccccc1,7.1249387366083,CHEMBL1964243,random,0.7931034482758621,6.94101909891042,-0.18391963769787978,7.034105279893309,-0.0908334567149911,8.232895826330674,1.1079570897223743
HYBCPKCAHCAFSQ-UHFFFAOYSA-N,CN(C)CCNS(=O)(=O)c1ccc(Nc2nccc(-c3cnc4ccccn34)n2)cc1,c1ccc(Nc2nccc(-c3cnc4ccccn34)n2)cc1,8.301029995663981,CHEMBL72548,random,0.78125,6.94101909891042,-1.3600108967535611,6.661345957646436,-1.6396840380175455,8.05898160901787,-0.24204838664611117
IUCLAKBWNSRBAI-UHFFFAOYSA-N,CN1CCC(c2c(O)cc(O)c3c(=O)cc(SC(C)(C)C)oc23)C(O)C1,O=c1ccoc2c(C3CCNCC3)cccc12,5.97061622231479,CHEMBL112582,random,0.6885245901639344,6.94101909891042,0.9704028765956298,6.158725450293682,0.18810922797889162,5.7625877304152535,-0.20802849189953676
JBLZWJCKPDQCNX-UHFFFAOYSA-N,CC(C)n1cnc2c(NCc3ccccc3)ncnc21,c1ccc(CNc2ncnc3[nH]cnc23)cc1,5.346787486224656,CHEMBL85015,random,0.6153846153846154,6.94101909891042,1.594231612685764,5.720911130070888,0.3741236438462323,5.947131886881966,0.6003444006573098
JUCGBCAPXDBWDV-UHFFFAOYSA-N,CN(C)CC(O)COc1ccc(Nc2nccc(Nc3ccccc3Br)n2)cc1,c1ccc(Nc2ccnc(Nc3ccccc3)n2)cc1,5.154901959985743,CHEMBL103633,random,0.7931034482758621,6.94101909891042,1.786117138924677,5.898772098834396,0.7438701388486528,5.292006018997192,0.13710405901144895
KFUHNOUIIKZZNO-UHFFFAOYSA-N,NS(=O)(=O)c1ccc(N/N=C2\C(=O)Nc3ccc4ncccc4c32)cc1,O=C1Nc2ccc3ncccc3c2C1=NNc1ccccc1,8.795880017344075,CHEMBL409892,random,0.6551724137931034,6.94101909891042,-1.8548609184336549,7.589630363913523,-1.206249653430552,8.289265730794757,-0.5066142865493184
KJLKMQRZXPBHID-UHFFFAOYSA-N,Cc1nc2ccccn2c1-c1ccnc(Nc2cccc(Cl)c2)n1,c1ccc(Nc2nccc(-c3cnc4ccccn34)n2)cc1,6.823908740944319,CHEMBL73189,random,0.7916666666666666,6.94101909891042,0.11711035796610147,5.974730552963934,-0.8491781879803844,7.031320629274544,0.20741188833022495
KMOIDYHHPHGHBT-UHFFFAOYSA-N,CN1CCC(c2c(O)cc(O)c3c(=O)cc(Sc4ccccc4Cl)oc23)C(O)C1,O=c1cc(Sc2ccccc2)oc2c(C3CCNCC3)cccc12,5.6777807052660805,CHEMBL113544,random,0.7142857142857143,6.94101909891042,1.2632383936443397,6.334994440329117,0.6572137350630367,5.895786804571725,0.21800609930564452
LQPLEEYQXIQYSE-UHFFFAOYSA-N,Cc1nc2ccccn2c1-c1ccnc(Nc2ccc(Cl)cc2)n1,c1ccc(Nc2nccc(-c3cnc4ccccn34)n2)cc1,6.2076083105017466,CHEMBL73645,random,0.8444444444444444,6.94101909891042,0.7334107884086736,5.974730552963934,-0.23287775753781226,6.537151575541754,0.32954326504000786
LVXJRTHJNTVQTE-UHFFFAOYSA-N,NS(=O)(=O)c1ccc(N/N=C2\C(=O)Nc3ccc(S(N)(=O)=O)cc32)cc1,O=C1Nc2ccccc2C1=NNc1ccccc1,7.366531544420414,CHEMBL272387,random,0.8604651162790697,6.94101909891042,-0.4255124455099937,8.810940581170943,1.4444090367505291,7.707824103149521,0.3412925587291076
MNROLFUOLVMVKW-ATVHPVEESA-N,O=C1Nc2ccc3ncsc3c2/C1=C/Nc1ccc(S(=O)(=O)Nc2ccccc2)cc1,O=C1Nc2ccc3ncsc3c2C1=CNc1ccc(S(=O)(=O)Nc2ccccc2)cc1,8.366531544420413,CHEMBL1964244,random,0.8166666666666667,6.94101909891042,-1.4255124455099928,6.954036594472517,-1.412494949947896,8.043787982699104,-0.3227435617213086
MXQMYWXBECXGHZ-UHFFFAOYSA-N,CCSc1cc(=O)c2c(O)cc(O)c(C3CCN(C)CC3O)c2o1,O=c1ccoc2c(C3CCNCC3)cccc12,5.405607449624573,CHEMBL326843,random,0.6885245901639344,6.94101909891042,1.5354116492858472,6.032162391294568,0.6265549416699949,5.784437260386927,0.3788298107623538
NAXHLQWKWRGFOK-UHFFFAOYSA-N,CC(C)(N)CNc1cc(-c2ccc[nH]2)c2c3c(ccc(F)c13)NC2=O,O=C1Nc2cccc3ccc(-c4ccc[nH]4)c1c23,7.187086643357144,CHEMBL82768,random,0.7692307692307693,6.94101909891042,-0.24606754444672418,7.067131899211679,-0.11995474414546514,6.770837888972562,-0.41624875438458275
NBJFUFLDDIMRFK-ZSOIEALJSA-N,NS(=O)(=O)c1ccc(N/C=C2\C(=O)Nc3cc(CO)ccc32)cc1,O=C1Nc2ccccc2C1=CNc1ccccc1,7.214670164989233,CHEMBL410293,random,0.673469387755102,6.94101909891042,-0.27365106607881273,7.619193618365564,0.40452345337633133,6.828594149156204,-0.3860760158330292
ODZNNZYRBRRREX-UHFFFAOYSA-N,NS(=O)(=O)c1ccc(N/N=C2\C(=O)Nc3ccc(Br)cc32)cc1,O=C1Nc2ccccc2C1=NNc1ccccc1,7.221848749616356,CHEMBL411491,random,0.8260869565217391,6.94101909891042,-0.280829650705936,7.615682180124638,0.39383343050828223,7.622006237658338,0.40015748804198203
OHDQHRAKDCCIMS-UHFFFAOYSA-N,CN(C)CC(O)COc1ccc(Nc2ncc(Br)c(N(CCCC(F)(F)F)c3ccccc3)n2)cc1,c1ccc(Nc2ccnc(Nc3ccccc3)n2)cc1,6.698970004336019,CHEMBL419720,random,0.6231884057971014,6.94101909891042,0.24204909457440138,6.004989296127065,-0.6939807082089535,5.825397238123688,-0.8735727662123312
OSOOMYVRUVOQLW-UHFFFAOYSA-N,NS(=O)(=O)c1ccc(N/N=C2\C(=O)Nc3ccc(Cl)cc32)cc1,O=C1Nc2ccccc2C1=NNc1ccccc1,7.366531544420414,CHEMBL270054,random,0.782608695652174,6.94101909891042,-0.4255124455099937,7.470355083850457,0.10382353943004308,7.657809966807244,0.29127842238683055
OTPNDVKVEAIXTI-IYBDPMFKSA-N,O=C1NC(=O)c2c1c1c3ccccc3n3c1c1c2c2ccccc2n1[C@H]1CC[C@@H]3O1,O=C1NC(=O)c2c1c1c3ccccc3n3c1c1c2c2ccccc2n1C1CCC3O1,6.267606240177032,CHEMBL289422,random,0.36538461538461536,6.94101909891042,0.6734128587333883,6.957269435314965,0.6896631951379328,6.085681550315224,-0.1819246898618081
PCSKJPPAHVCSPT-UHFFFAOYSA-N,Cc1ccccc1Nc1cc(Nc2ccc(OCC(O)CN(C)C)cc2)ncn1,c1ccc(Nc2cc(Nc3ccccc3)ncn2)cc1,4.4089353929735005,CHEMBL418793,random,0.8113207547169812,6.94101909891042,2.5320837059369197,5.68013230313181,1.2711969101583094,4.388080003324475,-0.020855389649025113
PGSHABRJZCOCPJ-UHFFFAOYSA-N,CC(C)n1cnc2c(N)nc(NCCCO)nc21,c1ncc2nc[nH]c2n1,5.619788758288394,CHEMBL84140,random,0.6415094339622641,6.94101909891042,1.3212303406220265,6.293201599313936,0.6734128410255424,5.837053134123696,0.21726437583530256
PHBYLJJSRMJTRE-UHFFFAOYSA-N,CCOc1cccc2c1/C(=N/Nc1ccc(S(N)(=O)=O)cc1)C(=O)N2,O=C1Nc2ccccc2C1=NNc1ccccc1,7.031517051446065,CHEMBL411696,random,0.7454545454545455,6.94101909891042,-0.09049795253564508,7.3976718820181775,0.3661548305721123,8.15033675943609,1.118819707990025
PIGVRBXVSCGJKI-UHFFFAOYSA-N,NCCS(=O)(=O)c1cc(-c2ccc[nH]2)c2c3c(ccc(F)c13)NC2=O,O=C1Nc2cccc3ccc(-c4ccc[nH]4)c1c23,7.638272163982407,CHEMBL309767,random,0.6545454545454545,6.94101909891042,-0.6972530650719868,7.572243535891845,-0.06602862809056198,7.738590506096355,0.10031834211394841
RCBOIPKMQXPOTA-UHFFFAOYSA-N,Cc1ccc(F)c(Nc2cc(Nc3ccc(OCC(O)CN(C)C)cc3)ncn2)c1,c1ccc(Nc2cc(Nc3ccccc3)ncn2)cc1,4.0915149811213505,CHEMBL328623,random,0.7894736842105263,6.94101909891042,2.8495041177890696,5.741060225649353,1.649545244528002,4.477634902170196,0.38611992104884596
RMTMSYZHBIXLDA-UHFFFAOYSA-N,CC(=O)NCCNc1cc(-c2ccc[nH]2)c2c3c(ccc(F)c13)NC2=O,O=C1Nc2cccc3ccc(-c4ccc[nH]4)c1c23,6.896196279044043,CHEMBL312273,random,0.7966101694915254,6.94101909891042,0.04482281986637737,7.187396407888982,0.29120012884493907,6.617606057906751,-0.2785902211372919
TUSYHQBFGFIWOG-UHFFFAOYSA-N,CC(C)C(CO)Nc1nc(NCc2cccc(O)c2)c2ncn(C(C)C)c2n1,c1ccc(CNc2ncnc3[nH]cnc23)cc1,7.522878745280337,CHEMBL84944,random,0.625,6.94101909891042,-0.5818596463699173,6.477351839063475,-1.0455269062168622,6.790494732087823,-0.7323840131925143
UVWRLACHEXXROY-UHFFFAOYSA-N,NS(=O)(=O)c1ccc(Nc2cc(-c3cccc(Br)c3)[nH]n2)cc1,c1ccc(Nc2cc(-c3ccccc3)[nH]n2)cc1,7.6307841425898575,CHEMBL103285,random,0.7555555555555555,6.94101909891042,-0.6897650436794374,7.556262815558905,-0.07452132703095238,7.416915362522377,-0.21386878006748056
UZVLKAPGUJAQCL-JTQLQIEISA-N,O=C1Nc2ccc(F)c3c(S[C@H]4CCNC4)cc(-c4ccc[nH]4)c1c23,O=C1Nc2cccc3c(SC4CCNC4)cc(-c4ccc[nH]4)c1c23,8.301029995663981,CHEMBL79498,random,0.640625,6.94101909891042,-1.3600108967535611,6.309459255406226,-1.991570740257755,7.6246268598016504,-0.6764031358623308
VBVWAXVALQTRJZ-JYRVWZFOSA-N,CS(=O)(=O)Cc1ccc(N/C=C2\C(=O)Nc3ccc4ncsc4c32)cc1,O=C1Nc2ccc3ncsc3c2C1=CNc1ccccc1,7.301029995663981,CHEMBL235849,random,0.8214285714285714,6.94101909891042,-0.3600108967535611,6.399970442086541,-0.9010595535774399,7.9221692116583515,0.6211392159943703
VTLJOVYRGQXDDG-UHFFFAOYSA-N,Clc1cccc(Nc2nccc(-n3cnc4ccccc43)n2)c1,c1ccc(Nc2nccc(-n3cnc4ccccc43)n2)cc1,6.167491087293763,CHEMBL74680,random,0.4666666666666667,6.94101909891042,0.7735280116166567,5.941505176137822,-0.22598591115594147,6.776578847239986,0.609087759946223
WHDJEAZLMYPLGL-UHFFFAOYSA-N,CC(C)n1cnc2c(NCc3ccccc3)nc(NCCO)nc21,c1ccc(CNc2ncnc3[nH]cnc23)cc1,5.096910013008056,CHEMBL86066,random,0.88,6.94101909891042,1.8441090859023639,6.046812924030529,0.9499029110224724,6.299107596731546,1.20219758372349
WMUSBRFXXCFZTI-UHFFFAOYSA-N,COc1cccc(-c2cc(Nc3ccc(S(N)(=O)=O)cc3)[nH]n2)c1,c1ccc(Nc2cc(-c3ccccc3)n[nH]2)cc1,7.610833915635467,CHEMBL319685,random,0.7142857142857143,6.94101909891042,-0.6698148167250473,7.303539415612416,-0.30729450002305114,7.632140191340352,0.021306275704884747
WWCTWZWHBBXROW-UHFFFAOYSA-N,CN(C)CC(O)COc1ccc(Nc2cc(Nc3ccccc3[N+](=O)[O-])ncn2)cc1,c1ccc(Nc2cc(Nc3ccccc3)ncn2)cc1,4.6020599913279625,CHEMBL316887,random,0.7166666666666667,6.94101909891042,2.3389591075824576,6.495487047433983,1.8934270561060202,5.240913948693962,0.6388539573659999
XOZQJBAUFVCEOP-UHFFFAOYSA-N,CN(C)CC(O)COc1ccc(Nc2nccc(N(CC#N)c3cc(Cl)ccc3Cl)n2)cc1,c1ccc(Nc2ccnc(Nc3ccccc3)n2)cc1,6.154901959985743,CHEMBL430507,random,0.8529411764705882,6.94101909891042,0.786117138924677,6.203738978660741,0.048837018674998234,5.875283545973386,-0.279618414012357
XWYZXIPUSGGJGV-UHFFFAOYSA-N,CC(C)Cc1cccc2c1/C(=N/Nc1ccc(S(N)(=O)=O)cc1)C(=O)N2,O=C1Nc2ccccc2C1=NNc1ccccc1,8.920818753952375,CHEMBL411224,random,0.803921568627451,6.94101909891042,-1.9797996550419548,7.514006389854487,-1.4068123640978882,8.172548925503468,-0.7482698284489064
YMXPTERDVSXRPA-UHFFFAOYSA-N,NS(=O)(=O)c1ccc(N/N=C2\C(=O)Nc3cccc(CCc4ccncc4)c32)cc1,O=C1Nc2cccc(CCc3ccncc3)c2C1=NNc1ccccc1,7.6777807052660805,CHEMBL1794054,random,0.7931034482758621,6.94101909891042,-0.7367616063556603,7.720409347504586,0.0426286422385056,7.740406720513686,0.06262601524760569
YZVUSTSAIKJMLH-UHFFFAOYSA-N,COc1cc(-c2ccc[nH]2)c2c3c(ccc(F)c13)NC2=O,O=C1Nc2cccc3ccc(-c4ccc[nH]4)c1c23,7.7447274948966935,CHEMBL83775,random,0.72,6.94101909891042,-0.8037083959862734,6.452964837781988,-1.2917626571147052,6.881789532151092,-0.862937962745602
ZQAZHQLWCKQXTD-GDNBJRDFSA-N,C/C(Nc1ccc(S(N)(=O)=O)cc1)=C1/C(=O)Nc2ccccc21,O=C1Nc2ccccc2C1=CNc1ccccc1,6.443697499232712,CHEMBL405042,random,0.7291666666666666,6.94101909891042,0.49732159967770784,7.360146824459242,0.9164493252265293,7.040779574680784,0.5970820754480721
